district,week_start,rain_sum,ndvi_mean,temperature,cases,week_end
D_A,2018-01-01,0.0,0.4087416505995735,23.880331271680184,7,2018-01-07
D_A,2018-01-08,74.01696603821384,0.3553009689895274,23.914209437158544,11,2018-01-14
D_A,2018-01-15,79.88402108853947,0.4843312825731084,24.336164566694265,10,2018-01-21
D_A,2018-01-22,123.89986137323989,0.5130034773415372,24.539619408316945,12,2018-01-28
D_A,2018-01-29,51.1591349131483,0.4971311364726503,24.239886992391927,8,2018-02-04
D_A,2018-02-05,59.98114900254862,0.4247544156248409,25.14630488975108,7,2018-02-11
D_A,2018-02-12,62.75651795320911,0.445092081248636,24.40564060817143,10,2018-02-18
D_A,2018-02-19,49.12313718528335,0.4341331554892507,24.567696483334913,9,2018-02-25
D_A,2018-02-26,0.0,0.534778699704962,24.790317465148277,3,2018-03-04
D_A,2018-03-05,147.20813397906096,0.5627987758386267,25.21051522532476,15,2018-03-11
D_A,2018-03-12,140.758079406119,0.5210959629199278,24.736673673276663,12,2018-03-18
D_A,2018-03-19,22.67818430223322,0.544770747614153,25.244828352663525,9,2018-03-25
D_A,2018-03-26,75.12373193817501,0.4496700157950047,25.104706148790317,13,2018-04-01
D_A,2018-04-02,55.839180032405146,0.493212136398143,25.066867711215725,10,2018-04-08
D_A,2018-04-09,53.09881824721272,0.4080384638293513,24.53498129919805,7,2018-04-15
D_A,2018-04-16,0.0,0.4265482107975593,24.6176572404808,8,2018-04-22
D_A,2018-04-23,44.54308645626187,0.4959673464144936,26.257153242534805,7,2018-04-29
D_A,2018-04-30,98.66854245704496,0.4255853128131386,25.993086238945885,7,2018-05-06
D_A,2018-05-07,189.0298645784595,0.4825800245874714,25.228921355517368,15,2018-05-13
D_A,2018-05-14,72.75002896721287,0.4329747559310654,25.524385760447856,11,2018-05-20
D_A,2018-05-21,51.052542161762375,0.5266042757543439,25.60153449751281,8,2018-05-27
D_A,2018-05-28,11.205709334894692,0.378643256386632,25.692414622946433,4,2018-06-03
D_A,2018-06-04,0.0,0.288389803645635,25.941570945929428,2,2018-06-10
D_A,2018-06-11,69.64616576471018,0.342821866620016,25.9003783331415,8,2018-06-17
D_A,2018-06-18,30.472375415143915,0.2836905694007633,25.407559170769986,4,2018-06-24
D_A,2018-06-25,0.0,0.3697814263468838,25.91201093845955,2,2018-07-01
D_A,2018-07-02,0.0,0.31417702656821,26.446443175964394,0,2018-07-08
D_A,2018-07-09,0.0,0.2986765750730705,25.39993580261989,2,2018-07-15
D_A,2018-07-16,0.0,0.2952737487938032,25.81333818038561,1,2018-07-22
D_A,2018-07-23,0.0,0.3370221759233665,26.7275612408851,2,2018-07-29
D_A,2018-07-30,0.0,0.2785300559499554,26.454447778823624,2,2018-08-05
D_A,2018-08-06,21.91461984804848,0.343746838115665,25.17989040350945,4,2018-08-12
D_A,2018-08-13,0.0,0.3634090896985773,26.79453926714019,0,2018-08-19
D_A,2018-08-20,64.44867134189057,0.3025910306177449,26.84780246852074,7,2018-08-26
D_A,2018-08-27,154.1018226810471,0.2840700102462762,26.155100685191417,10,2018-09-02
D_A,2018-09-03,81.11857545937625,0.3172249126087396,26.129267103040256,10,2018-09-09
D_A,2018-09-10,39.368256340465905,0.3923781430937433,26.550517998076796,4,2018-09-16
D_A,2018-09-17,80.08984492040746,0.3766275295235087,26.726436084199023,9,2018-09-23
D_A,2018-09-24,0.0,0.4193726958030048,25.4543553219319,3,2018-09-30
D_A,2018-10-01,0.0,0.4921994314668427,25.631242633918927,2,2018-10-07
D_A,2018-10-08,98.7499468461171,0.4316775381561226,26.429669803152184,11,2018-10-14
D_A,2018-10-15,40.932446684233774,0.3952322149652454,25.921712266998437,6,2018-10-21
D_A,2018-10-22,7.812226355318558,0.5031634378898906,25.78845441088561,4,2018-10-28
D_A,2018-10-29,37.76348565348744,0.4661541408856673,26.2087223043274,6,2018-11-04
D_A,2018-11-05,31.078292459945388,0.5188341732710702,25.030730514357767,5,2018-11-11
D_A,2018-11-12,99.15365700613864,0.538174352954362,26.587018945241493,12,2018-11-18
D_A,2018-11-19,125.25149092106318,0.4443402975494835,25.83744956172838,12,2018-11-25
D_A,2018-11-26,143.0353351179891,0.5663960544852397,26.556721914874178,15,2018-12-02
D_A,2018-12-03,144.59086004321978,0.5450045850733913,25.617566795905788,14,2018-12-09
D_A,2018-12-10,137.54206366238853,0.469389128976077,25.765915353344987,12,2018-12-16
D_A,2018-12-17,88.0455614380815,0.5120301678801631,25.52328112966059,12,2018-12-23
D_A,2018-12-24,64.57184135512698,0.5043517967577553,25.517508844267073,9,2018-12-30
D_A,2018-12-31,16.479808590047753,0.4849715368581356,25.91030412774393,7,2019-01-06
D_A,2019-01-07,141.91270765631015,0.5174564171747579,25.743070163271415,13,2019-01-13
D_A,2019-01-14,72.11780739678684,0.5338766433373155,25.62313972580796,7,2019-01-20
D_A,2019-01-21,53.74593269223901,0.4488955148901397,24.646180166189133,6,2019-01-27
D_A,2019-01-28,125.87502933063912,0.5003224905898125,26.19877448216474,11,2019-02-03
D_A,2019-02-04,14.159857423149752,0.4675506393170729,26.0770356598548,7,2019-02-10
D_A,2019-02-11,92.75311856174788,0.4136415031092731,25.870648044188577,9,2019-02-17
D_A,2019-02-18,57.75792585530709,0.3946687593803332,25.33694865374926,6,2019-02-24
D_A,2019-02-25,0.0,0.3124354191196634,24.76555356356544,3,2019-03-03
D_A,2019-03-04,23.736318490464075,0.2800145918233879,24.85307499926913,4,2019-03-10
D_A,2019-03-11,69.25891407316573,0.3494726146762196,25.959201404117938,7,2019-03-17
D_A,2019-03-18,54.245740275889474,0.2861354882707163,25.17749668672663,5,2019-03-24
D_A,2019-03-25,84.025109405956,0.3165249864215836,25.468248271504223,7,2019-03-31
D_A,2019-04-01,22.018835621128908,0.2834864089504226,25.886969305949503,4,2019-04-07
D_A,2019-04-08,170.75861238595627,0.2148627741602203,25.032880522693578,11,2019-04-14
D_A,2019-04-15,0.0,0.3187317994349503,25.522054132106852,0,2019-04-21
D_A,2019-04-22,0.0,0.2793196218001573,25.91217888961681,2,2019-04-28
D_A,2019-04-29,0.0,0.3058579755659866,25.412687391825365,2,2019-05-05
D_A,2019-05-06,0.0,0.2615687731038307,24.95399905697253,0,2019-05-12
D_A,2019-05-13,58.65539737274746,0.2963207706418161,25.070471997290035,6,2019-05-19
D_A,2019-05-20,56.2662349122969,0.4001982278186535,24.95920851402264,5,2019-05-26
D_A,2019-05-27,17.6191961516986,0.3397659092007362,25.086361546086763,3,2019-06-02
D_A,2019-06-03,0.0,0.3737251166805602,25.55926500869934,3,2019-06-09
D_A,2019-06-10,0.0,0.2970208241448661,24.53595584763253,1,2019-06-16
D_A,2019-06-17,0.0,0.4953688807533742,24.460911879441458,5,2019-06-23
D_A,2019-06-24,83.13633550783459,0.4840722305545731,24.20683788223398,10,2019-06-30
D_A,2019-07-01,43.44115759514537,0.4762702319090386,23.35395367544116,7,2019-07-07
D_A,2019-07-08,40.69801885613818,0.4655212159964924,24.838980812589323,7,2019-07-14
D_A,2019-07-15,94.79020933190615,0.440192749424325,24.36393785554952,10,2019-07-21
D_A,2019-07-22,134.78618293288784,0.4758574014159095,24.55567962237517,11,2019-07-28
D_A,2019-07-29,96.18666390422274,0.5190626280025652,25.297718654799866,10,2019-08-04
D_A,2019-08-05,104.63603441215376,0.446392291864205,24.84037766628652,10,2019-08-11
D_A,2019-08-12,162.06229017171233,0.4647134297774879,24.209778995933505,15,2019-08-18
D_A,2019-08-19,105.66527130509564,0.4103185952601814,24.31078926408177,11,2019-08-25
D_A,2019-08-26,83.6115527082981,0.4595610061732162,23.395122050139648,12,2019-09-01
D_A,2019-09-02,133.6331691038728,0.5830188744607558,23.870868991877717,13,2019-09-08
D_A,2019-09-09,86.73520469631296,0.482421073104363,25.027389145919955,8,2019-09-15
D_A,2019-09-16,79.46491408873936,0.4798200552652256,22.960592416455608,13,2019-09-22
D_A,2019-09-23,158.5769079855149,0.5056688055789301,24.50126243091702,17,2019-09-29
D_A,2019-09-30,76.14896969693675,0.4008818411177093,24.02081039135776,11,2019-10-06
D_A,2019-10-07,0.0,0.5183371503421937,23.12241333221902,0,2019-10-13
D_A,2019-10-14,96.665159809062,0.5220988679978911,23.978521327664783,11,2019-10-20
D_A,2019-10-21,52.697671679112105,0.463811801789274,22.86511387631895,7,2019-10-27
D_A,2019-10-28,50.511313325170846,0.5125038616213103,21.858149820375125,6,2019-11-03
D_A,2019-11-04,79.71695968781705,0.3477986984154882,23.11313781327528,10,2019-11-10
D_A,2019-11-11,40.683606982220425,0.4901590946871397,22.675970090003684,6,2019-11-17
D_A,2019-11-18,51.67668710880413,0.3453224210466501,22.930141486284445,8,2019-11-24
D_A,2019-11-25,0.0,0.3022255891456354,22.893608411915263,0,2019-12-01
D_A,2019-12-02,0.0,0.3396002056865587,22.968997792244085,1,2019-12-08
D_A,2019-12-09,89.19352347264518,0.4315914571029762,24.118807993772347,7,2019-12-15
D_A,2019-12-16,12.14210090734896,0.3251671752208845,22.224658723027098,3,2019-12-22
D_A,2019-12-23,0.0,0.2695954710371022,21.39917599356462,0,2019-12-29
D_A,2019-12-30,0.0,0.243761454067257,23.219027048479745,0,2020-01-05
D_A,2020-01-06,0.0,0.2979363628760589,22.452781334868025,0,2020-01-12
D_A,2020-01-13,5.325210327331629,0.2006675738218141,22.39156768883785,3,2020-01-19
D_A,2020-01-20,0.0,0.2352418708447645,21.829076021919423,1,2020-01-26
D_A,2020-01-27,0.0,0.3798575583163116,22.101913786021168,1,2020-02-02
D_A,2020-02-03,4.051514036158885,0.3738724879867393,22.919160236948855,3,2020-02-09
D_A,2020-02-10,31.455492096938812,0.3087149669235395,23.050164574812236,4,2020-02-16
D_A,2020-02-17,0.0,0.301504946049225,22.740910752037426,2,2020-02-23
D_A,2020-02-24,0.0,0.3393393472036564,21.783908984462677,2,2020-03-01
D_A,2020-03-02,3.7789577596198782,0.4671075839757442,22.05725414308397,3,2020-03-08
D_A,2020-03-09,49.15151844195039,0.3845697159037626,22.538042995757372,6,2020-03-15
D_A,2020-03-16,39.56606649833835,0.4253570567391248,22.67692983221805,4,2020-03-22
D_A,2020-03-23,86.33856300947943,0.3858245658567409,21.77926842673241,11,2020-03-29
D_A,2020-03-30,0.0,0.4151758814829033,21.396928791769977,4,2020-04-05
D_A,2020-04-06,25.231401729175772,0.4603545488933981,23.099396653159452,7,2020-04-12
D_A,2020-04-13,110.2207022566896,0.4494320603156558,22.828548946260145,11,2020-04-19
D_A,2020-04-20,38.47201858725493,0.3622579723850463,21.111342239988947,8,2020-04-26
D_A,2020-04-27,154.01461534320867,0.5336546968770227,22.3442057813873,15,2020-05-03
D_A,2020-05-04,160.4112071699023,0.4495451998634193,21.33219766138565,13,2020-05-10
D_A,2020-05-11,164.0510220339644,0.5944353507995511,22.285139064776555,15,2020-05-17
D_A,2020-05-18,53.52078488826919,0.5294480772678138,21.70092234343896,9,2020-05-24
D_A,2020-05-25,103.26816364563416,0.5023954532147984,22.323969331911663,8,2020-05-31
D_A,2020-06-01,75.32580837684385,0.521961221979192,22.69609048025788,11,2020-06-07
D_A,2020-06-08,145.4179462981546,0.4930947373339382,22.04246075755917,12,2020-06-14
D_A,2020-06-15,182.5601647199425,0.4701381957694207,22.330383244908973,15,2020-06-21
D_A,2020-06-22,137.6404591094145,0.4983018897195771,22.49529257763837,13,2020-06-28
D_A,2020-06-29,89.99600413389182,0.5233270970531032,22.36144812565553,9,2020-07-05
D_A,2020-07-06,65.8023598063382,0.4449321618636822,23.572305473901498,8,2020-07-12
D_A,2020-07-13,110.1801619190772,0.4243397923299298,22.270268735897435,10,2020-07-19
D_A,2020-07-20,9.501289663878552,0.4235155009494697,23.334611674323895,4,2020-07-26
D_A,2020-07-27,89.83930917958597,0.4736455698133001,22.354986216418183,10,2020-08-02
D_A,2020-08-03,9.32386953630776,0.4827443445718618,21.75313975458587,6,2020-08-09
D_A,2020-08-10,77.98903292485413,0.4120239398506582,22.336510278954368,11,2020-08-16
D_A,2020-08-17,30.897668130277104,0.4069547806486467,22.70383076066896,6,2020-08-23
D_A,2020-08-24,11.804260939754862,0.3309499189139155,22.634765570450163,3,2020-08-30
D_A,2020-08-31,0.0,0.3918040634926676,22.034742870832247,3,2020-09-06
D_A,2020-09-07,0.0,0.3624496022510315,23.148580722717245,5,2020-09-13
D_A,2020-09-14,39.5400815941153,0.2879615854384598,21.968472107365265,6,2020-09-20
D_A,2020-09-21,59.23350865756919,0.2246973756266835,22.972858583352505,5,2020-09-27
D_A,2020-09-28,29.796372919748094,0.2459194244919338,22.25455552488002,4,2020-10-04
D_A,2020-10-05,69.322342037829,0.2687958952248868,23.470304567115875,6,2020-10-11
D_A,2020-10-12,127.022310454914,0.3582252151702335,23.09517452707078,9,2020-10-18
D_A,2020-10-19,0.0,0.3782636890735346,21.9835150726479,2,2020-10-25
D_A,2020-10-26,0.0,0.2817442745178637,23.443539831118567,2,2020-11-01
D_A,2020-11-02,0.0,0.2889496742161579,23.214214606911963,0,2020-11-08
D_A,2020-11-09,68.21083656476577,0.3304301003167908,23.494087476755816,6,2020-11-15
D_A,2020-11-16,78.73020135176834,0.3281280467307492,23.227137775657763,8,2020-11-22
D_A,2020-11-23,0.0,0.3861406209700558,24.420774050065425,2,2020-11-29
D_A,2020-11-30,57.50794514264355,0.3270924010548171,23.158955729512943,8,2020-12-06
D_A,2020-12-07,94.92158337047282,0.4155932364319845,23.260496857071537,9,2020-12-13
D_A,2020-12-14,53.24255667119899,0.3718950464990227,23.07973381971779,6,2020-12-20
D_A,2020-12-21,92.37007162883188,0.4426987355533927,22.587780707476192,8,2020-12-27
D_B,2018-01-01,0.0,0.3659007876001101,21.81254329322194,4,2018-01-07
D_B,2018-01-08,107.28797672757386,0.3660627131127436,22.23553308661347,8,2018-01-14
D_B,2018-01-15,55.23251426725714,0.4178088983127674,22.642381492864025,9,2018-01-21
D_B,2018-01-22,70.90091165029192,0.5366325206083032,23.25243197768092,7,2018-01-28
D_B,2018-01-29,113.9440162226542,0.4924482262919986,23.92990542619892,11,2018-02-04
D_B,2018-02-05,30.103538283341067,0.4439203292337721,23.203940762148136,8,2018-02-11
D_B,2018-02-12,110.44601355011872,0.5112801915496403,23.29603311026312,9,2018-02-18
D_B,2018-02-19,103.6498894832914,0.5606223299745773,23.1316916582684,10,2018-02-25
D_B,2018-02-26,122.7624790546186,0.5425115158540608,22.62954991342319,12,2018-03-04
D_B,2018-03-05,114.14808205460672,0.5023608182144403,22.645544383733597,13,2018-03-11
D_B,2018-03-12,222.70083235409737,0.4675248118318266,23.484547300642504,16,2018-03-18
D_B,2018-03-19,66.98498497046047,0.532655134046732,22.79607977327857,9,2018-03-25
D_B,2018-03-26,69.97618739689585,0.512726339565061,23.585748868354983,12,2018-04-01
D_B,2018-04-02,61.80249556712555,0.5306787047781142,23.487574736575873,10,2018-04-08
D_B,2018-04-09,60.49215237457035,0.5082906067492646,23.125543986083063,11,2018-04-15
D_B,2018-04-16,50.69926777078523,0.517614884038189,23.997473374373985,8,2018-04-22
D_B,2018-04-23,135.467661057852,0.4252719084269204,23.930549641984324,12,2018-04-29
D_B,2018-04-30,139.80773151090727,0.5034347415045454,23.88250306922163,10,2018-05-06
D_B,2018-05-07,32.518148339096044,0.4319909062877597,24.348038742293436,4,2018-05-13
D_B,2018-05-14,11.420599218021373,0.5098397993777289,24.60569953364893,5,2018-05-20
D_B,2018-05-21,68.5123617199486,0.3554237768967783,23.44844425855622,9,2018-05-27
D_B,2018-05-28,9.366340225468775,0.4607531750372972,24.724062551723165,5,2018-06-03
D_B,2018-06-04,61.00162439013175,0.3686056061778448,24.10793154530869,7,2018-06-10
D_B,2018-06-11,32.420325754943214,0.311977449244034,23.739384494218303,5,2018-06-17
D_B,2018-06-18,0.0,0.3076470590013535,23.763199323984583,0,2018-06-24
D_B,2018-06-25,87.83647321961817,0.3049050608965142,23.591883463570102,7,2018-07-01
D_B,2018-07-02,95.83289532713052,0.3332863206648047,24.159099658790424,7,2018-07-08
D_B,2018-07-09,0.0,0.3316819403297363,23.79737815263229,1,2018-07-15
D_B,2018-07-16,0.0,0.2727953680409572,24.337015697156104,2,2018-07-22
D_B,2018-07-23,14.295837049235075,0.2987874054129305,23.477328172751697,3,2018-07-29
D_B,2018-07-30,17.29942328294569,0.408266685497782,23.290904715208484,3,2018-08-05
D_B,2018-08-06,35.37438781888384,0.3912715068755202,24.504592582226667,4,2018-08-12
D_B,2018-08-13,106.0754925789482,0.332946714764963,25.18089340647878,8,2018-08-19
D_B,2018-08-20,1.0016967493045517,0.321598290156424,24.57837078906639,3,2018-08-26
D_B,2018-08-27,0.0,0.3363739075427632,24.669454093153036,1,2018-09-02
D_B,2018-09-03,0.0,0.3735490771270415,24.446866269974574,0,2018-09-09
D_B,2018-09-10,0.0,0.3057330528156253,23.96707309124793,3,2018-09-16
D_B,2018-09-17,34.345444329287076,0.3591347590747866,24.47797300509417,6,2018-09-23
D_B,2018-09-24,133.6623676123666,0.3044397451790749,23.901034161754257,12,2018-09-30
D_B,2018-10-01,26.14571397403207,0.4240137139819452,24.295901703405725,10,2018-10-07
D_B,2018-10-08,71.25432358637792,0.452489648994003,24.812124845945476,8,2018-10-14
D_B,2018-10-15,67.01838496374415,0.4115197364197948,24.93742957649259,6,2018-10-21
D_B,2018-10-22,134.56579489579008,0.5289916006112734,23.539025482375777,11,2018-10-28
D_B,2018-10-29,208.13967024952385,0.4022978147615684,24.706218308182173,18,2018-11-04
D_B,2018-11-05,61.0624690480077,0.4019930713775564,24.22507549816017,10,2018-11-11
D_B,2018-11-12,67.96024074882642,0.4960870166774737,25.01673052847028,11,2018-11-18
D_B,2018-11-19,148.35339503886485,0.5446456175014301,24.445136672703804,13,2018-11-25
D_B,2018-11-26,132.7424866196368,0.5814922088495359,24.488506828115625,16,2018-12-02
D_B,2018-12-03,192.20960982458337,0.4768042739321164,24.637650895870458,15,2018-12-09
D_B,2018-12-10,128.98858306644993,0.5535183892718682,24.38843334659979,13,2018-12-16
D_B,2018-12-17,80.43925140395724,0.494882288411585,23.99195909589696,11,2018-12-23
D_B,2018-12-24,125.27845263899044,0.482860057211709,24.277040785239723,13,2018-12-30
D_B,2018-12-31,147.32265209656728,0.5279579430091774,23.97100947692591,11,2019-01-06
D_B,2019-01-07,127.95446792693733,0.5064768616548092,24.093127613353683,11,2019-01-13
D_B,2019-01-14,106.36811501568448,0.3831892190714267,23.524934183638095,14,2019-01-20
D_B,2019-01-21,127.59883260601174,0.5223572137394029,24.057414567984544,14,2019-01-27
D_B,2019-01-28,125.35399161788771,0.5027829918985808,24.560240836383116,11,2019-02-03
D_B,2019-02-04,128.17820394781003,0.3868623737163909,23.68689460642047,10,2019-02-10
D_B,2019-02-11,83.44884197970858,0.4218168718723233,23.542080526998554,8,2019-02-17
D_B,2019-02-18,34.57395262301584,0.410561222591854,23.97534607535335,7,2019-02-24
D_B,2019-02-25,42.36752817299824,0.3830973759938595,24.52434081671678,6,2019-03-03
D_B,2019-03-04,87.85195406729119,0.3275377537914756,23.45600493838952,8,2019-03-10
D_B,2019-03-11,0.0,0.3076403063738501,24.56815575248607,1,2019-03-17
D_B,2019-03-18,32.89963252473744,0.3276542306126125,23.670990243962425,7,2019-03-24
D_B,2019-03-25,0.0,0.3771432444865329,22.917218034533157,2,2019-03-31
D_B,2019-04-01,6.547014168203795,0.3373995537726474,23.45269870172964,4,2019-04-07
D_B,2019-04-08,66.06639283498755,0.2857568828049399,24.672217905998547,6,2019-04-14
D_B,2019-04-15,9.988239570054484,0.3394515078705359,23.226531923558188,3,2019-04-21
D_B,2019-04-22,2.3449334426333777,0.1576190810381481,24.114502565897904,3,2019-04-28
D_B,2019-04-29,0.0,0.3592863249575511,24.177144268509167,0,2019-05-05
D_B,2019-05-06,40.425071694007,0.2192390978463869,23.557745163374232,5,2019-05-12
D_B,2019-05-13,38.80502556283018,0.2949395859413962,22.91898701212944,4,2019-05-19
D_B,2019-05-20,119.2523465462778,0.2661957260307023,23.305229604216485,9,2019-05-26
D_B,2019-05-27,1.2802678509410832,0.2686042854111369,22.88716669036381,3,2019-06-02
D_B,2019-06-03,34.08066609691036,0.4042876387963528,22.64018893646656,4,2019-06-09
D_B,2019-06-10,42.751391429871816,0.3371793544230735,23.61683810729187,5,2019-06-16
D_B,2019-06-17,116.83120543004928,0.3932422769702868,22.66697290308495,10,2019-06-23
D_B,2019-06-24,41.18599469992565,0.3895555136945873,22.599254990561708,5,2019-06-30
D_B,2019-07-01,68.00030496924366,0.4319504987226095,23.239379814067657,9,2019-07-07
D_B,2019-07-08,92.43628404395128,0.4279240116692614,22.286615200307633,9,2019-07-14
D_B,2019-07-15,79.0482489134838,0.3752859743019033,22.816308860556273,8,2019-07-21
D_B,2019-07-22,54.55516955876004,0.5035670415449299,23.59402720368321,5,2019-07-28
D_B,2019-07-29,93.03532004632416,0.4419738116447519,22.252133203036863,15,2019-08-04
D_B,2019-08-05,142.5919771119838,0.3999916843050028,21.938124518297847,14,2019-08-11
D_B,2019-08-12,42.14341852367052,0.4655326089401514,22.38623436858593,8,2019-08-18
D_B,2019-08-19,103.5360903146978,0.5688132027464236,22.122250762165443,15,2019-08-25
D_B,2019-08-26,64.06993928356833,0.5406630471667286,22.328286030015427,12,2019-09-01
D_B,2019-09-02,159.72922541141617,0.4825211812099551,21.727162465989736,16,2019-09-08
D_B,2019-09-09,23.407368591751947,0.4816705424459599,21.852606676635368,11,2019-09-15
D_B,2019-09-16,69.910107931798,0.4796306480298857,21.893740594360864,9,2019-09-22
D_B,2019-09-23,113.75082073176314,0.5936178531351163,21.572764942156475,13,2019-09-29
D_B,2019-09-30,169.02280469993477,0.5005899790880132,21.202437806410977,13,2019-10-06
D_B,2019-10-07,82.24651986525832,0.4925701481973689,21.293601818295045,8,2019-10-13
D_B,2019-10-14,51.629286279963765,0.5102926979308394,21.939836113209505,8,2019-10-20
D_B,2019-10-21,166.53134773015626,0.4568864464675792,21.84111680045373,15,2019-10-27
D_B,2019-10-28,0.0,0.4169842050063007,21.648190735191378,5,2019-11-03
D_B,2019-11-04,0.0,0.4043227942680342,20.649694431159787,0,2019-11-10
D_B,2019-11-11,70.98737490244031,0.3943932418288442,21.97905476904055,7,2019-11-17
D_B,2019-11-18,15.827034386435828,0.3799983793826407,21.34787116863167,5,2019-11-24
D_B,2019-11-25,0.0,0.4026030529906409,20.879299069835508,4,2019-12-01
D_B,2019-12-02,61.15272423841374,0.3540670980372571,21.160195422894603,8,2019-12-08
D_B,2019-12-09,31.18562222824045,0.3746231769401399,21.762286226709143,4,2019-12-15
D_B,2019-12-16,0.0,0.3221034532604328,21.608399318920434,2,2019-12-22
D_B,2019-12-23,0.0,0.3201568133809608,20.67226545063381,0,2019-12-29
D_B,2019-12-30,47.87715530963228,0.2085985435646447,19.558729532972436,5,2020-01-05
D_B,2020-01-06,34.10620295462287,0.3490086718485037,21.296830793633575,4,2020-01-12
D_B,2020-01-13,0.0,0.3177400761945962,20.427895161599523,2,2020-01-19
D_B,2020-01-20,92.45760626460157,0.3501520184174191,20.737447763372963,7,2020-01-26
D_B,2020-01-27,0.0,0.1578914068136729,20.857983389833485,0,2020-02-02
D_B,2020-02-03,0.0,0.4121280328682138,21.011937415382302,0,2020-02-09
D_B,2020-02-10,0.0,0.3081560928427662,20.5118182758369,1,2020-02-16
D_B,2020-02-17,10.1147914882013,0.3801973254488281,20.783143548274698,3,2020-02-23
D_B,2020-02-24,30.37392351029172,0.2844186057320377,21.562965364949243,5,2020-03-01
D_B,2020-03-02,12.792065883797564,0.3803464328063566,21.363373382270595,3,2020-03-08
D_B,2020-03-09,49.76324005833304,0.3116501623065535,20.30170462493109,6,2020-03-15
D_B,2020-03-16,0.0,0.3486816999563437,20.927954716024804,2,2020-03-22
D_B,2020-03-23,120.1619512778222,0.4916490098416577,20.778512709211867,11,2020-03-29
D_B,2020-03-30,51.95796664389419,0.4025969310888779,20.237705299883867,7,2020-04-05
D_B,2020-04-06,119.86299860642936,0.4388680577130321,19.053649196460007,9,2020-04-12
D_B,2020-04-13,88.69992678111237,0.486630705458892,20.396986465881405,10,2020-04-19
D_B,2020-04-20,101.40107171242882,0.4819109159081094,20.41844138718005,12,2020-04-26
D_B,2020-04-27,113.30219340818496,0.4771486040503284,20.36070536376343,11,2020-05-03
D_B,2020-05-04,112.53636987685866,0.498549933875297,20.196480183518627,12,2020-05-10
D_B,2020-05-11,126.57087235274643,0.6090402479806523,20.452444010009568,11,2020-05-17
D_B,2020-05-18,164.0104523213792,0.492224711777836,20.585884763060275,15,2020-05-24
D_B,2020-05-25,109.24947470147907,0.5089017847685595,20.511857335623073,11,2020-05-31
D_B,2020-06-01,135.4476203664358,0.5525275847744009,19.81040367486894,14,2020-06-07
D_B,2020-06-08,94.77303116669562,0.5537959284100131,21.69610014194755,11,2020-06-14
D_B,2020-06-15,169.23577780849303,0.5538113493500577,20.3555707852982,15,2020-06-21
D_B,2020-06-22,60.14137322468208,0.5198584877567504,20.597028725896884,9,2020-06-28
D_B,2020-06-29,179.5858084924257,0.4219273280572457,21.426198616057224,16,2020-07-05
D_B,2020-07-06,82.07142711574815,0.5498302259109855,20.047314132715943,8,2020-07-12
D_B,2020-07-13,6.187070181719477,0.3981343809243093,20.276293595722382,6,2020-07-19
D_B,2020-07-20,77.05018724318336,0.4564217062572394,20.920573944138894,7,2020-07-26
D_B,2020-07-27,28.969924686738665,0.3883312226199975,20.470619182541036,7,2020-08-02
D_B,2020-08-03,97.09059354880785,0.4069099148690936,20.940758791530197,10,2020-08-09
D_B,2020-08-10,14.330423161647817,0.4103613647687087,21.163425118942932,3,2020-08-16
D_B,2020-08-17,16.635365312691288,0.3939569347193742,20.72234039450691,5,2020-08-23
D_B,2020-08-24,0.0,0.3835309994889354,20.859794274048134,1,2020-08-30
D_B,2020-08-31,1.3678495350718194,0.4286518944479837,20.12836949378834,3,2020-09-06
D_B,2020-09-07,0.0,0.3575394668034768,21.488314505314932,0,2020-09-13
D_B,2020-09-14,0.0,0.3112601515703016,21.211661221964373,0,2020-09-20
D_B,2020-09-21,45.06121091885117,0.3622853146376905,21.236945662151715,6,2020-09-27
D_B,2020-09-28,42.76397278555492,0.3664214541522586,20.6248569764088,5,2020-10-04
D_B,2020-10-05,22.400893906221977,0.2408756408770978,20.93619082835417,4,2020-10-11
D_B,2020-10-12,0.0,0.3299983527753876,20.959302439038364,0,2020-10-18
D_B,2020-10-19,0.0,0.3356793373971132,20.743033423040952,2,2020-10-25
D_B,2020-10-26,1.6799571912603728,0.2888419931235779,21.493694193740502,3,2020-11-01
D_B,2020-11-02,0.0,0.3781307825203037,21.35704557446138,0,2020-11-08
D_B,2020-11-09,83.84438884744128,0.3098461681665411,22.115735301271453,8,2020-11-15
D_B,2020-11-16,57.628475167327544,0.3337995439506651,20.88136086981652,7,2020-11-22
D_B,2020-11-23,8.748749694192764,0.3309403255571584,21.41593635911531,3,2020-11-29
D_B,2020-11-30,27.97019481681284,0.3540307581132459,21.902428938250203,5,2020-12-06
D_B,2020-12-07,44.48718391884493,0.3133223326981745,21.845812601317576,5,2020-12-13
D_B,2020-12-14,0.0,0.3118537422627957,21.889851889381696,0,2020-12-20
D_B,2020-12-21,37.641130873970106,0.4797252531612485,21.97895365971733,6,2020-12-27
D_C,2018-01-01,63.83545219524923,0.4891039159030741,23.29885001993531,7,2018-01-07
D_C,2018-01-08,94.67888497800048,0.3628844794033171,23.45435587339595,7,2018-01-14
D_C,2018-01-15,10.449681252494727,0.4723131887087139,22.36806619626931,5,2018-01-21
D_C,2018-01-22,31.38283476030518,0.4620141832431804,23.135819067873708,6,2018-01-28
D_C,2018-01-29,86.91230032321003,0.463184861228556,23.762924034740376,9,2018-02-04
D_C,2018-02-05,91.87903249291068,0.5998209427953441,23.28990301009653,9,2018-02-11
D_C,2018-02-12,10.12766580286413,0.4675882907154923,23.25087657373559,2,2018-02-18
D_C,2018-02-19,103.40542974463804,0.4747872785088468,23.47103948568569,11,2018-02-25
D_C,2018-02-26,68.22152534270023,0.5628537720783121,23.056577382943615,11,2018-03-04
D_C,2018-03-05,181.74198134566373,0.5374694886227708,24.082740776312953,15,2018-03-11
D_C,2018-03-12,112.39575249533544,0.563976596765033,23.02360566497861,11,2018-03-18
D_C,2018-03-19,119.9456566768214,0.5035874374831082,24.243579871388597,12,2018-03-25
D_C,2018-03-26,118.89400025651727,0.5088992011445816,23.725128514499552,14,2018-04-01
D_C,2018-04-02,32.26315285573556,0.5809658244264563,23.161361368265073,10,2018-04-08
D_C,2018-04-09,185.45985298801327,0.4347343126861313,23.5733858359824,14,2018-04-15
D_C,2018-04-16,1.4230617635524396,0.4599933960676392,24.148932520450987,7,2018-04-22
D_C,2018-04-23,115.80199158746152,0.491946372576221,24.39657982267364,8,2018-04-29
D_C,2018-04-30,99.715715985447,0.4277719972184372,23.146171031576245,10,2018-05-06
D_C,2018-05-07,37.20534403092185,0.3936036320889879,24.403835340182457,5,2018-05-13
D_C,2018-05-14,86.36089370890227,0.4370009813857917,24.33397996576768,8,2018-05-20
D_C,2018-05-21,29.06292395944149,0.4566734511258314,24.697166078383233,5,2018-05-27
D_C,2018-05-28,3.204420196728435,0.3669132667387418,24.911747433971556,5,2018-06-03
D_C,2018-06-04,52.83299197000257,0.350280585964175,25.017691000707323,4,2018-06-10
D_C,2018-06-11,0.0,0.3121639481405849,24.75878266397191,0,2018-06-17
D_C,2018-06-18,4.707917414156325,0.3170425085337829,24.567257178090955,2,2018-06-24
D_C,2018-06-25,0.0,0.3751027302977395,25.2834790872284,1,2018-07-01
D_C,2018-07-02,0.0,0.3161311668793917,25.083830991946975,1,2018-07-08
D_C,2018-07-09,24.40651292048986,0.2652906328814469,25.01472814447886,3,2018-07-15
D_C,2018-07-16,0.0,0.3145984872540693,24.58584393140618,0,2018-07-22
D_C,2018-07-23,0.0,0.3525648355752817,25.19009298027849,1,2018-07-29
D_C,2018-07-30,0.0,0.2730588843898174,25.37748400232562,0,2018-08-05
D_C,2018-08-06,74.64700746396963,0.2384640873907064,24.5711949761375,5,2018-08-12
D_C,2018-08-13,22.695885551325222,0.420671789274899,25.62544992207799,4,2018-08-19
D_C,2018-08-20,20.85253977234299,0.2507716487458516,24.99748167557374,4,2018-08-26
D_C,2018-08-27,49.357095834596294,0.3124212130140609,24.8291664959125,5,2018-09-02
D_C,2018-09-03,0.0,0.3544796040834542,24.87105412565792,1,2018-09-09
D_C,2018-09-10,71.39920178776481,0.343251296013331,24.939690282080917,7,2018-09-16
D_C,2018-09-17,53.31068026461401,0.3682580437132029,24.990031817247687,5,2018-09-23
D_C,2018-09-24,0.0,0.4167108572666841,24.486477471458084,1,2018-09-30
D_C,2018-10-01,0.0,0.2844664749660416,26.02282852792506,3,2018-10-07
D_C,2018-10-08,31.450073365229713,0.3567851284326734,26.060048524150194,9,2018-10-14
D_C,2018-10-15,1.7892049741232512,0.4378920288382799,25.29828786700944,3,2018-10-21
D_C,2018-10-22,63.23220818840671,0.4300814118480912,25.215268653975777,7,2018-10-28
D_C,2018-10-29,31.10614938504956,0.4700566608254654,25.55540220811536,8,2018-11-04
D_C,2018-11-05,82.71975504047779,0.4865944795196126,26.118333333713068,12,2018-11-11
D_C,2018-11-12,163.01768167131033,0.3790684259759255,25.678185781735444,14,2018-11-18
D_C,2018-11-19,93.67650600760196,0.5559727189784047,25.36181530282959,10,2018-11-25
D_C,2018-11-26,83.4996893932248,0.472382430121625,24.241903635947622,11,2018-12-02
D_C,2018-12-03,119.28637592704892,0.4564728278367631,24.707286715666584,15,2018-12-09
D_C,2018-12-10,64.97118415402156,0.5100021123982674,25.049701322764268,11,2018-12-16
D_C,2018-12-17,140.57457141311022,0.5021657232757326,25.111938264832293,12,2018-12-23
D_C,2018-12-24,120.50635876058058,0.5513259630914819,24.580328124730173,13,2018-12-30
D_C,2018-12-31,93.83075116985007,0.4973686042733446,25.619364877056388,13,2019-01-06
D_C,2019-01-07,94.64615044874844,0.5317662601353532,24.652963618091547,13,2019-01-13
D_C,2019-01-14,183.0917089884622,0.4150999581492539,25.52638760266353,13,2019-01-20
D_C,2019-01-21,121.38070863994744,0.455623249013483,24.574331768766193,12,2019-01-27
D_C,2019-01-28,176.86554365367078,0.3780410388249637,24.083446438617795,11,2019-02-03
D_C,2019-02-04,85.67176406055628,0.4230243015698813,23.317527505620127,10,2019-02-10
D_C,2019-02-11,0.0,0.3963122974203586,25.72249204929035,1,2019-02-17
D_C,2019-02-18,29.82117149566652,0.377994842017672,24.63170872437592,3,2019-02-24
D_C,2019-02-25,0.0,0.3626373100845825,24.287267469731205,0,2019-03-03
D_C,2019-03-04,53.94165747521926,0.3918724849929765,25.133732301375996,6,2019-03-10
D_C,2019-03-11,57.88094725264645,0.2608534919206237,24.37889719063973,7,2019-03-17
D_C,2019-03-18,0.0,0.2839425410229761,23.916098694106907,2,2019-03-24
D_C,2019-03-25,0.0,0.3164782021863058,24.754171449220618,0,2019-03-31
D_C,2019-04-01,12.547317833223683,0.2512863915693633,23.372514339876595,2,2019-04-07
D_C,2019-04-08,0.0,0.3065933047192974,25.121135406037407,0,2019-04-14
D_C,2019-04-15,0.0,0.2983239462760648,24.10358800844219,0,2019-04-21
D_C,2019-04-22,61.95470843688198,0.2298583798170227,23.59148047309032,5,2019-04-28
D_C,2019-04-29,6.659550877671401,0.229189782626232,24.789691786383376,2,2019-05-05
D_C,2019-05-06,0.0,0.1750353750078286,23.743575938016008,0,2019-05-12
D_C,2019-05-13,0.0,0.2520281305274571,23.61286465140702,0,2019-05-19
D_C,2019-05-20,53.70717822572839,0.3228953836725395,23.47357640528408,4,2019-05-26
D_C,2019-05-27,0.0,0.341147750344226,23.107196620367315,2,2019-06-02
D_C,2019-06-03,116.15737200724035,0.3563412774088494,24.417184415695203,7,2019-06-09
D_C,2019-06-10,73.24771212900629,0.321668473855299,24.10032461526286,7,2019-06-16
D_C,2019-06-17,0.0,0.3750019086826766,23.948144395501767,3,2019-06-23
D_C,2019-06-24,10.177186462699666,0.4117637731006191,23.6846981860718,3,2019-06-30
D_C,2019-07-01,140.1417868279433,0.3446966798863957,23.334775389810652,11,2019-07-07
D_C,2019-07-08,57.828486216399085,0.4302493708357756,24.031605624911744,5,2019-07-14
D_C,2019-07-15,44.05223133949741,0.4722596461030863,22.849400115270623,5,2019-07-21
D_C,2019-07-22,78.26293471011496,0.4292150940814289,23.692191515645504,5,2019-07-28
D_C,2019-07-29,57.43518789871926,0.5197733573202977,23.036521153760017,5,2019-08-04
D_C,2019-08-05,100.96281347440345,0.4544490620467419,22.61393414779016,12,2019-08-11
D_C,2019-08-12,89.67800241831037,0.4439353242322933,22.502411051952983,9,2019-08-18
D_C,2019-08-19,140.66300563292944,0.521617272142354,22.24271385977379,12,2019-08-25
D_C,2019-08-26,79.64727486857066,0.5998166485343769,21.91188473841807,6,2019-09-01
D_C,2019-09-02,55.73607563069171,0.5042214688747386,22.97369858007591,8,2019-09-08
D_C,2019-09-09,82.1174789997614,0.5308788178675674,22.58784416932056,11,2019-09-15
D_C,2019-09-16,80.10200538417511,0.4702765395358626,22.37783708856687,9,2019-09-22
D_C,2019-09-23,91.01353621883744,0.4276996429672728,22.984379442530887,7,2019-09-29
D_C,2019-09-30,122.473617641079,0.4898064887714722,22.809410717312847,10,2019-10-06
D_C,2019-10-07,114.52948129250372,0.4872880644272109,22.93979199061845,11,2019-10-13
D_C,2019-10-14,139.37219640755208,0.4408829707101892,22.09929464987905,10,2019-10-20
D_C,2019-10-21,31.899010371450544,0.4764998144173288,22.37968845265282,6,2019-10-27
D_C,2019-10-28,84.40416230122338,0.3972323118066199,21.272829650140523,10,2019-11-03
D_C,2019-11-04,93.43613571217732,0.369035973429696,21.768224258060144,7,2019-11-10
D_C,2019-11-11,15.275632084180494,0.4510054513238556,22.32096399156769,6,2019-11-17
D_C,2019-11-18,30.54819295494743,0.4351268725352143,22.473359536012133,5,2019-11-24
D_C,2019-11-25,0.0,0.334504420517008,22.11950217678641,0,2019-12-01
D_C,2019-12-02,71.07778662973283,0.4374123282671332,21.755295799515068,8,2019-12-08
D_C,2019-12-09,8.220676423687044,0.3236358384528485,21.17581879859759,2,2019-12-15
D_C,2019-12-16,53.39784996698094,0.3303784254980598,21.516300397359313,4,2019-12-22
D_C,2019-12-23,18.415002826553803,0.3119924267727348,21.81239489224907,3,2019-12-29
D_C,2019-12-30,0.0,0.3346965886635341,22.10274633399614,1,2020-01-05
D_C,2020-01-06,0.0,0.3167633628034267,21.456612134346503,0,2020-01-12
D_C,2020-01-13,0.0,0.3133137604787794,21.2255818044887,0,2020-01-19
D_C,2020-01-20,0.0,0.2492734313384422,21.236703591653303,0,2020-01-26
D_C,2020-01-27,0.0,0.2182760598838732,20.82119987714071,1,2020-02-02
D_C,2020-02-03,117.76708397365114,0.3648172990418206,21.538652534426873,7,2020-02-09
D_C,2020-02-10,0.0,0.2878632743035377,21.189611695952262,0,2020-02-16
D_C,2020-02-17,0.0,0.3223365159402784,21.32184174212326,0,2020-02-23
D_C,2020-02-24,66.34039702343371,0.3527538475828032,21.17021880478708,6,2020-03-01
D_C,2020-03-02,143.03976224144913,0.4311582177206914,21.445489924871012,11,2020-03-08
D_C,2020-03-09,47.05652349560834,0.3723888366973618,20.605008194041066,4,2020-03-15
D_C,2020-03-16,54.371693731565,0.3601302698449291,21.420706823183167,5,2020-03-22
D_C,2020-03-23,32.47961739197166,0.3697702230839756,22.43183897891545,7,2020-03-29
D_C,2020-03-30,0.0,0.4102632090649483,22.07008500295668,1,2020-04-05
D_C,2020-04-06,0.0,0.3825281755720153,20.8585235707345,2,2020-04-12
D_C,2020-04-13,55.72599299230126,0.4445711050819048,22.1349490487834,8,2020-04-19
D_C,2020-04-20,53.14064375325244,0.4545258370865785,20.872435704389737,7,2020-04-26
D_C,2020-04-27,79.05518300807768,0.5517040062253571,22.22338326296388,6,2020-05-03
D_C,2020-05-04,131.61718307240088,0.4761218268224397,20.65391278690492,10,2020-05-10
D_C,2020-05-11,65.3428427635182,0.392645060666296,20.451398466681972,8,2020-05-17
D_C,2020-05-18,140.0386636349882,0.6287812001493392,21.91591363017115,16,2020-05-24
D_C,2020-05-25,70.65893072126707,0.546688518990616,21.326537346296224,10,2020-05-31
D_C,2020-06-01,151.90941213029802,0.6041123021787996,21.309085027315433,15,2020-06-07
D_C,2020-06-08,103.57819423472812,0.4406536324128897,20.68532161252423,11,2020-06-14
D_C,2020-06-15,75.43839998994378,0.4833684950092241,20.247794612770075,9,2020-06-21
D_C,2020-06-22,97.42569135509004,0.5216420387300071,20.365591382140604,11,2020-06-28
D_C,2020-06-29,74.86184473900661,0.5058971423079929,21.27071236348221,9,2020-07-05
D_C,2020-07-06,89.7360365319639,0.4835055346639082,21.037477635513586,11,2020-07-12
D_C,2020-07-13,115.63113521349548,0.345471114650216,21.955019190993745,12,2020-07-19
D_C,2020-07-20,66.2841865768614,0.355667960117072,20.470205121918926,10,2020-07-26
D_C,2020-07-27,44.54406491779365,0.501921020574159,22.14710193405155,5,2020-08-02
D_C,2020-08-03,0.0,0.4948833088422277,21.7368713493554,2,2020-08-09
D_C,2020-08-10,75.9205230913531,0.3885906796817149,21.325736541860348,5,2020-08-16
D_C,2020-08-17,56.35814829356652,0.4474104476671796,21.33996939959018,8,2020-08-23
D_C,2020-08-24,0.0,0.3112735734700063,22.120294785461855,1,2020-08-30
D_C,2020-08-31,65.75787939356371,0.3082450283216172,21.959419881964298,7,2020-09-06
D_C,2020-09-07,0.0,0.2797487356346203,21.14410648364603,0,2020-09-13
D_C,2020-09-14,63.19508122911171,0.2809720060504017,21.90716508539867,7,2020-09-20
D_C,2020-09-21,41.43364447098719,0.3502157566994035,21.98096791036617,4,2020-09-27
D_C,2020-09-28,24.457240982916783,0.2638303110528543,21.280886394807055,3,2020-10-04
D_C,2020-10-05,0.0,0.4142431836303407,21.4031095993115,1,2020-10-11
D_C,2020-10-12,28.853163774770003,0.3231318796002666,21.998431740957265,3,2020-10-18
D_C,2020-10-19,54.12894990284317,0.3548470526063227,20.82546901441589,4,2020-10-25
D_C,2020-10-26,31.47768020119746,0.3282171974315812,21.710140042078287,3,2020-11-01
D_C,2020-11-02,0.0,0.3700589243776866,20.991072516259266,0,2020-11-08
D_C,2020-11-09,22.04482287685696,0.2739489475412401,21.909185178415147,3,2020-11-15
D_C,2020-11-16,70.36210995329577,0.3998673981870658,21.240953928806945,5,2020-11-22
D_C,2020-11-23,129.75186741351112,0.3466408610509238,20.846205997105105,9,2020-11-29
D_C,2020-11-30,16.365254142126492,0.4137151112826095,22.08743570154291,4,2020-12-06
D_C,2020-12-07,76.96219882803882,0.2961578843741254,21.33542636507258,6,2020-12-13
D_C,2020-12-14,98.65216920047118,0.3928854467229286,22.713032598760915,9,2020-12-20
D_C,2020-12-21,9.379750050511774,0.4072619358390831,22.175338823571707,4,2020-12-27
D_D,2018-01-01,0.0,0.3236214753095336,22.43672345771015,4,2018-01-07
D_D,2018-01-08,118.01362163931248,0.3828510431957931,21.611706952587163,11,2018-01-14
D_D,2018-01-15,26.43565521411961,0.4234063541698991,21.863055736261263,3,2018-01-21
D_D,2018-01-22,86.30019286889471,0.5140513431023497,22.295305502453967,8,2018-01-28
D_D,2018-01-29,82.11471337513592,0.50036049383806,23.046578585599693,10,2018-02-04
D_D,2018-02-05,161.14436749001214,0.4305322161188969,23.250679646269667,17,2018-02-11
D_D,2018-02-12,66.1677146381655,0.5030843166504408,22.217421091018405,7,2018-02-18
D_D,2018-02-19,114.3846814053547,0.5732318716048892,23.227753183734972,11,2018-02-25
D_D,2018-02-26,137.69340096801662,0.5899757027599241,23.74069244124967,15,2018-03-04
D_D,2018-03-05,174.1771302252449,0.4836589991407518,22.951437315788635,15,2018-03-11
D_D,2018-03-12,74.04815810628929,0.5477860722023553,23.68328351665099,8,2018-03-18
D_D,2018-03-19,67.97736074640726,0.5672417367104438,23.279453520830117,11,2018-03-25
D_D,2018-03-26,43.436982448984104,0.4176984741350541,23.86389971716408,7,2018-04-01
D_D,2018-04-02,204.77450293077575,0.4602986894187427,24.179286796681392,15,2018-04-08
D_D,2018-04-09,157.48963024160247,0.5875329533863294,23.629890708349357,14,2018-04-15
D_D,2018-04-16,80.45855442050895,0.450085442766177,24.433825840952252,9,2018-04-22
D_D,2018-04-23,172.5887920588272,0.3055861007698939,23.533144920470537,11,2018-04-29
D_D,2018-04-30,63.689349393131685,0.4315169477034929,23.70036015550314,9,2018-05-06
D_D,2018-05-07,97.27598659824632,0.4783422010089328,23.32345932050468,8,2018-05-13
D_D,2018-05-14,53.54697295936885,0.4064022775865104,22.706434871016093,6,2018-05-20
D_D,2018-05-21,64.83185648815194,0.4256513651412884,23.89233671495213,5,2018-05-27
D_D,2018-05-28,51.56556456619471,0.4208660847618213,24.17701014676105,5,2018-06-03
D_D,2018-06-04,8.105764833523711,0.3409631944330983,23.76865585279555,2,2018-06-10
D_D,2018-06-11,76.89910161664588,0.3185787001040376,24.655726735219623,6,2018-06-17
D_D,2018-06-18,51.71829623622987,0.3395133995017832,23.561143343169103,6,2018-06-24
D_D,2018-06-25,61.84594282818902,0.3298113724527242,24.51523632079413,5,2018-07-01
D_D,2018-07-02,22.05037094732176,0.3147818643370574,24.8870454797586,3,2018-07-08
D_D,2018-07-09,0.0,0.3102979920620845,23.874361541001825,0,2018-07-15
D_D,2018-07-16,86.20948744682822,0.2640530615068492,23.921953074753333,6,2018-07-22
D_D,2018-07-23,0.0,0.337519480530027,24.370606859493176,1,2018-07-29
D_D,2018-07-30,18.77993521201516,0.3311147649228371,24.35737941471533,2,2018-08-05
D_D,2018-08-06,34.21624212635575,0.2380939300387117,24.29212935780127,3,2018-08-12
D_D,2018-08-13,23.436351451511648,0.2916724154269631,24.830529175888017,3,2018-08-19
D_D,2018-08-20,55.61990918552073,0.3243521098749863,25.189852020504553,4,2018-08-26
D_D,2018-08-27,68.85506671925,0.3036566910930414,24.321738402327693,5,2018-09-02
D_D,2018-09-03,10.194914092897983,0.3747417773699104,24.19049434541526,2,2018-09-09
D_D,2018-09-10,109.70970763555512,0.3535285541526887,25.030731513425582,9,2018-09-16
D_D,2018-09-17,22.65661526491367,0.3804572124187131,23.322678901907185,4,2018-09-23
D_D,2018-09-24,60.771926880516645,0.3678334834988007,24.252596825167007,7,2018-09-30
D_D,2018-10-01,32.64236974562906,0.3043916166811505,24.04374746142271,3,2018-10-07
D_D,2018-10-08,26.39124987189349,0.3176124359307435,24.86231704919688,7,2018-10-14
D_D,2018-10-15,120.04908420692502,0.4651595368693648,24.52803720754494,12,2018-10-21
D_D,2018-10-22,231.2409760946881,0.4636378662712414,24.01809754604281,16,2018-10-28
D_D,2018-10-29,63.70505453982691,0.4855192082292398,24.74076237291693,6,2018-11-04
D_D,2018-11-05,148.37198642792765,0.4819354574911931,23.601837366297577,9,2018-11-11
D_D,2018-11-12,76.13664723972782,0.4955927959181508,24.406477393499667,11,2018-11-18
D_D,2018-11-19,95.621102342611,0.5407418710517619,23.737622550820564,9,2018-11-25
D_D,2018-11-26,186.52710074990483,0.5195267928967131,24.41182764732618,16,2018-12-02
D_D,2018-12-03,46.19747928401641,0.551793954590869,24.027025955424097,9,2018-12-09
D_D,2018-12-10,32.884220368995585,0.5081574396616333,24.38419446770598,8,2018-12-16
D_D,2018-12-17,94.04392350515276,0.4817886248606319,25.021323571187843,11,2018-12-23
D_D,2018-12-24,128.9285125012587,0.5012015653165622,24.253126682130183,10,2018-12-30
D_D,2018-12-31,115.07080165146598,0.4419660520604789,23.86920384525804,10,2019-01-06
D_D,2019-01-07,104.96431765171891,0.4548683712885428,23.22540878734222,13,2019-01-13
D_D,2019-01-14,82.71101253589849,0.470887392352641,23.89915023557985,8,2019-01-20
D_D,2019-01-21,113.59209947575,0.4567461128481587,23.810624029750848,9,2019-01-27
D_D,2019-01-28,0.0,0.4284574801910587,22.910530830974658,1,2019-02-03
D_D,2019-02-04,21.52998914154663,0.348731273283157,23.663424234185907,4,2019-02-10
D_D,2019-02-11,46.332727136054054,0.4338471725214886,23.839327941981225,4,2019-02-17
D_D,2019-02-18,78.15659659398403,0.4275711336076946,23.85626198509511,7,2019-02-24
D_D,2019-02-25,109.5201008547604,0.4522482124652761,23.97726735710217,9,2019-03-03
D_D,2019-03-04,0.0,0.3771418113131832,23.611319748461614,2,2019-03-10
D_D,2019-03-11,93.46466866220472,0.3412945664803268,22.88149036809623,6,2019-03-17
D_D,2019-03-18,0.0,0.2782804586816773,23.866717573329463,2,2019-03-24
D_D,2019-03-25,2.7579076127480153,0.3931076869916174,23.895759021464222,3,2019-03-31
D_D,2019-04-01,34.1813989613436,0.322611194886627,23.981220483506306,3,2019-04-07
D_D,2019-04-08,0.0,0.313956258100518,23.142288691044623,1,2019-04-14
D_D,2019-04-15,55.939166502375194,0.288163762429176,23.106860875171193,4,2019-04-21
D_D,2019-04-22,0.0,0.2841477337479087,22.83760978150559,0,2019-04-28
D_D,2019-04-29,0.0,0.3362613766414882,23.21965528568212,1,2019-05-05
D_D,2019-05-06,55.711391103112575,0.2551527556523623,23.98027497383437,4,2019-05-12
D_D,2019-05-13,0.0,0.3943332259694918,23.046901732720578,1,2019-05-19
D_D,2019-05-20,23.536065146837785,0.3925555436389281,22.211925860125493,3,2019-05-26
D_D,2019-05-27,0.0,0.3156352818538277,22.712164788394304,0,2019-06-02
D_D,2019-06-03,114.10511731677296,0.3030530711337747,22.85308050478202,7,2019-06-09
D_D,2019-06-10,90.6098040561728,0.2598041150708974,23.351925559505503,9,2019-06-16
D_D,2019-06-17,175.4639014209133,0.3133463892595397,23.274007079174964,12,2019-06-23
D_D,2019-06-24,112.86895789159252,0.4283971172826902,23.28236248576712,9,2019-06-30
D_D,2019-07-01,0.0,0.4238655503064861,22.63167604728497,2,2019-07-07
D_D,2019-07-08,95.47395156615391,0.448765595381553,22.543641463021505,9,2019-07-14
D_D,2019-07-15,23.817354644575673,0.3471566037451237,22.4191392952368,5,2019-07-21
D_D,2019-07-22,155.7787256389414,0.4339629195674397,22.408521700131818,14,2019-07-28
D_D,2019-07-29,28.27380600253015,0.5350252811169217,22.37340301123839,6,2019-08-04
D_D,2019-08-05,31.4526454070053,0.4730194089720227,21.909800606531856,7,2019-08-11
D_D,2019-08-12,12.978610809389195,0.4233236302572478,21.8409094624581,4,2019-08-18
D_D,2019-08-19,72.46861554420393,0.4881950966725629,21.58071638631979,7,2019-08-25
D_D,2019-08-26,64.60208879134842,0.4596010891427915,21.317426102562575,6,2019-09-01
D_D,2019-09-02,36.894438673210786,0.5166377409276179,22.39141255708929,9,2019-09-08
D_D,2019-09-09,199.0571690431169,0.5001606966062672,22.151515536894657,14,2019-09-15
D_D,2019-09-16,124.35023511470966,0.5228772337948694,21.682725780029827,12,2019-09-22
D_D,2019-09-23,115.50195397137269,0.4288842726188185,21.093082277286666,11,2019-09-29
D_D,2019-09-30,170.20482420061407,0.4590573780431806,21.05039519358457,12,2019-10-06
D_D,2019-10-07,98.34692252105444,0.5255897829077709,21.660234197954527,11,2019-10-13
D_D,2019-10-14,41.955252539366704,0.3910645225074732,21.338711355115382,6,2019-10-20
D_D,2019-10-21,0.0,0.3947913877142546,21.579443001630572,2,2019-10-27
D_D,2019-10-28,24.71528653149776,0.439901177796939,19.91219919485425,4,2019-11-03
D_D,2019-11-04,132.3409233865647,0.4284767786764727,20.480078502875248,11,2019-11-10
D_D,2019-11-11,0.0,0.3735308126624089,20.225320233770912,4,2019-11-17
D_D,2019-11-18,58.58610750396022,0.3679378470761902,20.35955018145582,4,2019-11-24
D_D,2019-11-25,84.80704505867386,0.392882853886574,20.867343074830913,6,2019-12-01
D_D,2019-12-02,40.00214389560866,0.3939515538348855,21.351417426114768,4,2019-12-08
D_D,2019-12-09,38.94475297920968,0.284530089814873,22.23062949873678,3,2019-12-15
D_D,2019-12-16,45.84983677660228,0.3443552582972594,20.257729958274425,4,2019-12-22
D_D,2019-12-23,27.07657052371062,0.3918258538654424,20.88890965812595,3,2019-12-29
D_D,2019-12-30,84.70799751928915,0.3027139747231934,21.08554515760755,6,2020-01-05
D_D,2020-01-06,0.0,0.2492003304239536,21.460840928700968,0,2020-01-12
D_D,2020-01-13,12.229070041787578,0.2441110569583357,20.49924066506852,2,2020-01-19
D_D,2020-01-20,0.0,0.2922146408588433,20.57924760488627,0,2020-01-26
D_D,2020-01-27,0.0,0.3544965409667384,20.169831055987835,0,2020-02-02
D_D,2020-02-03,0.0,0.3056715051368464,20.4614766079922,1,2020-02-09
D_D,2020-02-10,34.7367655725003,0.3245971732458212,20.51599987914223,3,2020-02-16
D_D,2020-02-17,93.92748116785442,0.2749711005032621,20.764738595068376,7,2020-02-23
D_D,2020-02-24,139.19653769468027,0.3855697837371416,19.948173003735963,8,2020-03-01
D_D,2020-03-02,90.8469023098881,0.2924248089949604,20.806207182779183,6,2020-03-08
D_D,2020-03-09,68.51875745251962,0.3390961162516547,19.678335071836656,6,2020-03-15
D_D,2020-03-16,47.93331678425778,0.4113658910934487,21.29892471625437,4,2020-03-22
D_D,2020-03-23,0.0,0.2939758672323218,21.029229253111193,0,2020-03-29
D_D,2020-03-30,48.76369527643273,0.4208291086113306,20.65306311208903,9,2020-04-05
D_D,2020-04-06,128.51704458993427,0.3760427357344569,20.37065156645533,13,2020-04-12
D_D,2020-04-13,116.47775226362918,0.44395478886991,20.288486510190513,10,2020-04-19
D_D,2020-04-20,14.246703420592212,0.4395240411238824,20.81525452529049,9,2020-04-26
D_D,2020-04-27,115.5151117594988,0.574919400060574,20.123816516957152,11,2020-05-03
D_D,2020-05-04,116.57058246937892,0.4606458242919904,20.412638170441028,10,2020-05-10
D_D,2020-05-11,111.92924036510612,0.5810020373629057,20.26227277199394,10,2020-05-17
D_D,2020-05-18,96.16004804589092,0.524453266188684,20.69043519945691,13,2020-05-24
D_D,2020-05-25,132.70261456361524,0.4587738838963247,20.21443796995127,8,2020-05-31
D_D,2020-06-01,134.8630844326301,0.5165354112370082,21.052983146999487,11,2020-06-07
D_D,2020-06-08,67.18687760948669,0.4832991444452233,20.511906899787967,10,2020-06-14
D_D,2020-06-15,119.98062010512416,0.5065677086091004,20.01540278529716,8,2020-06-21
D_D,2020-06-22,84.49123129028487,0.4522274272836278,20.33885379017096,9,2020-06-28
D_D,2020-06-29,15.177093459572788,0.5635864553610678,21.125247591445554,7,2020-07-05
D_D,2020-07-06,55.99897289605713,0.5144285538357669,20.091934187661927,7,2020-07-12
D_D,2020-07-13,0.0,0.4570407289833233,20.84019841613344,4,2020-07-19
D_D,2020-07-20,119.64964325114912,0.5277456713987645,21.077594816012542,11,2020-07-26
D_D,2020-07-27,80.81697643819867,0.4297589773251078,20.069939610979052,8,2020-08-02
D_D,2020-08-03,37.283885539074376,0.4649980804418015,20.065697277467265,8,2020-08-09
D_D,2020-08-10,117.9876892911998,0.3958382736296559,20.594653158800497,7,2020-08-16
D_D,2020-08-17,42.344082352488606,0.3975834536873894,20.589063202088383,6,2020-08-23
D_D,2020-08-24,0.0,0.3583630227300322,20.23017282013311,0,2020-08-30
D_D,2020-08-31,2.009238488335104,0.3527313986887481,20.970828231753355,4,2020-09-06
D_D,2020-09-07,99.07408522755352,0.3433893447471777,21.309498981677823,7,2020-09-13
D_D,2020-09-14,0.0,0.2899813917104143,21.227717644144487,0,2020-09-20
D_D,2020-09-21,20.8015425495278,0.2940275228771182,21.064624220413354,4,2020-09-27
D_D,2020-09-28,40.66779607874522,0.296110178881718,21.04568904930806,5,2020-10-04
D_D,2020-10-05,30.625440044720868,0.3137415824740623,21.06151407680648,3,2020-10-11
D_D,2020-10-12,122.53716458935236,0.2985993983077213,21.245931795709502,8,2020-10-18
D_D,2020-10-19,0.0,0.3592723269728536,20.64127284743935,0,2020-10-25
D_D,2020-10-26,0.0,0.3460760842405596,20.466247728782093,0,2020-11-01
D_D,2020-11-02,0.0,0.299529064053454,21.640265746252616,0,2020-11-08
D_D,2020-11-09,0.0,0.3864381423907644,20.43965167489825,1,2020-11-15
D_D,2020-11-16,68.72923004766653,0.4211717524558608,21.385199377892132,6,2020-11-22
D_D,2020-11-23,0.0,0.237402602025246,21.092434595091955,0,2020-11-29
D_D,2020-11-30,82.29392816428324,0.3998663099874865,21.67656144344631,6,2020-12-06
D_D,2020-12-07,35.82437701785415,0.3334868771763596,21.577627959694823,3,2020-12-13
D_D,2020-12-14,0.0,0.4238936874586754,21.17872179058977,3,2020-12-20
D_D,2020-12-21,0.0,0.4619118970323215,20.61528577383405,2,2020-12-27
D_E,2018-01-01,46.127826963700315,0.3901031135507659,26.150691542579953,4,2018-01-07
D_E,2018-01-08,0.0,0.519539030515667,25.849513727618167,4,2018-01-14
D_E,2018-01-15,138.4783338924932,0.3402798005967639,26.158442273024665,10,2018-01-21
D_E,2018-01-22,163.73392931480782,0.3941826986838599,25.80270397376129,10,2018-01-28
D_E,2018-01-29,0.0,0.5352776673876294,25.936211892286156,2,2018-02-04
D_E,2018-02-05,35.03820981713702,0.5653643958997987,25.930280806336825,4,2018-02-11
D_E,2018-02-12,77.33500912206588,0.4774794912673182,25.86145150579848,7,2018-02-18
D_E,2018-02-19,47.100389327129015,0.428701923018945,26.175477394728425,6,2018-02-25
D_E,2018-02-26,123.43819352700444,0.6010720067988803,25.860913169525475,10,2018-03-04
D_E,2018-03-05,63.27603973888517,0.5791014193058914,26.66294309388427,9,2018-03-11
D_E,2018-03-12,208.18862874888276,0.5338190001052169,25.450364559232977,14,2018-03-18
D_E,2018-03-19,158.39941390020607,0.4571238509191815,26.596629570203337,9,2018-03-25
D_E,2018-03-26,107.15473667859747,0.4906006032520716,26.76652423969841,6,2018-04-01
D_E,2018-04-02,144.30883505435037,0.477901039724486,26.511885619702564,10,2018-04-08
D_E,2018-04-09,143.56102955044852,0.493074581895945,26.040792041533813,11,2018-04-15
D_E,2018-04-16,54.37124973319895,0.5376873201787891,26.573735439697906,2,2018-04-22
D_E,2018-04-23,35.20597227537617,0.4960045210618189,26.463733154322643,5,2018-04-29
D_E,2018-04-30,72.68967225989692,0.3836962343735912,26.646357250927064,5,2018-05-06
D_E,2018-05-07,104.13726925146705,0.4909357485541166,27.564821860281736,10,2018-05-13
D_E,2018-05-14,59.991397805903695,0.4217333627471233,26.383286434246696,4,2018-05-20
D_E,2018-05-21,0.0,0.4242364575942026,27.579003703894873,0,2018-05-27
D_E,2018-05-28,0.0,0.4472820278429649,26.718777909569067,0,2018-06-03
D_E,2018-06-04,25.6563903226373,0.3031310545290349,27.548498335762275,2,2018-06-10
D_E,2018-06-11,18.490894496086717,0.3427570704894332,26.69242511819324,0,2018-06-17
D_E,2018-06-18,114.5477841915252,0.3052686231361088,26.751156417605173,5,2018-06-24
D_E,2018-06-25,0.0,0.2425294550379574,26.290695747758903,0,2018-07-01
D_E,2018-07-02,31.318473764148187,0.3294135222249549,27.454797310256325,1,2018-07-08
D_E,2018-07-09,77.22573838039511,0.4311179935071825,26.22153895900875,3,2018-07-15
D_E,2018-07-16,114.31267139008288,0.2094764810125985,27.254056090251694,5,2018-07-22
D_E,2018-07-23,0.0,0.2983911044735061,27.257083961103984,0,2018-07-29
D_E,2018-07-30,25.14805641960441,0.3331803143209275,27.20139262528744,1,2018-08-05
D_E,2018-08-06,30.93519204517466,0.3110482584532937,27.626717424462576,1,2018-08-12
D_E,2018-08-13,15.339352218295256,0.3054741286554744,27.146299442592095,0,2018-08-19
D_E,2018-08-20,4.906798062041719,0.2547372980757228,27.53636085115532,0,2018-08-26
D_E,2018-08-27,36.984940078427385,0.3420116783538584,28.118897850936616,1,2018-09-02
D_E,2018-09-03,0.0,0.3050349796397244,27.38437303814956,0,2018-09-09
D_E,2018-09-10,62.53981504090435,0.2473765958266179,27.61169673516246,4,2018-09-16
D_E,2018-09-17,42.31068815607529,0.4317331969716403,27.01762342930609,8,2018-09-23
D_E,2018-09-24,32.810729597563956,0.4357882398650565,27.016219325981968,2,2018-09-30
D_E,2018-10-01,154.36938871181854,0.4066356066942352,27.084680365893597,8,2018-10-07
D_E,2018-10-08,26.318225064905384,0.4315835864191511,27.79184593510314,5,2018-10-14
D_E,2018-10-15,47.685730314130225,0.4893949601705415,26.90379741000423,4,2018-10-21
D_E,2018-10-22,174.72379633362257,0.4615092452856759,26.637543138046546,8,2018-10-28
D_E,2018-10-29,40.18998371334993,0.5087869756497513,27.330350993305007,6,2018-11-04
D_E,2018-11-05,60.10014354719678,0.460337705344355,26.929322017563944,6,2018-11-11
D_E,2018-11-12,85.08094170319504,0.5504636126781725,28.101492896718273,9,2018-11-18
D_E,2018-11-19,138.18207529188868,0.5083299886674566,27.737291006667657,8,2018-11-25
D_E,2018-11-26,109.0380375059869,0.5069984214569362,26.996203526726703,9,2018-12-02
D_E,2018-12-03,35.24297618016858,0.4362454326399618,27.305586403408665,3,2018-12-09
D_E,2018-12-10,73.18374564379225,0.5139321403153889,28.14351423517051,8,2018-12-16
D_E,2018-12-17,68.03613428269965,0.4552099660118979,27.340722370913024,5,2018-12-23
D_E,2018-12-24,91.8846588432227,0.4595772858823252,26.830361040209233,6,2018-12-30
D_E,2018-12-31,113.17965599891336,0.4430061647190377,27.928209693003005,7,2019-01-06
D_E,2019-01-07,107.84064666146772,0.420548971139177,27.053244568672163,7,2019-01-13
D_E,2019-01-14,0.0,0.5682473970714873,27.153322847235017,0,2019-01-20
D_E,2019-01-21,127.46214750459684,0.5150971493525283,27.406527799708773,8,2019-01-27
D_E,2019-01-28,79.51765439543526,0.5297967992984212,28.032467552930353,6,2019-02-03
D_E,2019-02-04,128.29685677562898,0.3569957578140891,27.825067877574217,8,2019-02-10
D_E,2019-02-11,73.22326396476004,0.4055893826959975,26.78969759682116,7,2019-02-17
D_E,2019-02-18,97.99600452564668,0.3211843320175123,26.94761965060107,4,2019-02-24
D_E,2019-02-25,58.35910942383845,0.335278943842811,26.18226631785789,2,2019-03-03
D_E,2019-03-04,94.83779355201077,0.3091466623129179,27.113123229916734,6,2019-03-10
D_E,2019-03-11,46.72326918626528,0.4032006750928308,26.858678771349155,3,2019-03-17
D_E,2019-03-18,9.570204758947185,0.3091204502570968,26.924144662864244,0,2019-03-24
D_E,2019-03-25,122.87513278412642,0.3719257602082654,27.218560467401183,7,2019-03-31
D_E,2019-04-01,49.56162913545752,0.3404255905223517,27.30859314161843,2,2019-04-07
D_E,2019-04-08,30.831020754843273,0.4194695370144846,26.561016087575968,1,2019-04-14
D_E,2019-04-15,0.0,0.2268943611811324,26.68618146515022,0,2019-04-21
D_E,2019-04-22,0.0,0.3630078740589918,26.826304310444307,0,2019-04-28
D_E,2019-04-29,15.559794076565652,0.3591700834589823,26.307028275250563,0,2019-05-05
D_E,2019-05-06,10.388453281058013,0.2575558448839402,26.951576107636804,0,2019-05-12
D_E,2019-05-13,0.0,0.3634182998352108,26.05764390873524,0,2019-05-19
D_E,2019-05-20,18.138745361607786,0.338986468913321,27.23371128748504,1,2019-05-26
D_E,2019-05-27,96.1005260007709,0.3219645461995118,26.34008676943986,5,2019-06-02
D_E,2019-06-03,57.89327344122836,0.3050495250788269,26.92901693832191,2,2019-06-09
D_E,2019-06-10,0.0,0.3246089419162088,25.986145451081264,0,2019-06-16
D_E,2019-06-17,32.38310008472836,0.4784076876730474,26.802046841891908,1,2019-06-23
D_E,2019-06-24,5.702447276645209,0.3919356835864206,25.924133848459697,4,2019-06-30
D_E,2019-07-01,34.66423286029864,0.4472049574380263,26.293085625531667,3,2019-07-07
D_E,2019-07-08,41.36067527664218,0.3845379480328709,26.22213333811951,3,2019-07-14
D_E,2019-07-15,45.83551362546564,0.4004429382002498,25.896574981935306,4,2019-07-21
D_E,2019-07-22,14.120081687616713,0.5078529410350701,25.4137745630106,6,2019-07-28
D_E,2019-07-29,76.94808632549928,0.399182830225241,25.1252933888166,8,2019-08-04
D_E,2019-08-05,60.8800077766297,0.4570600908427268,24.83060813553097,7,2019-08-11
D_E,2019-08-12,0.0,0.4886397375420586,25.232176877824312,1,2019-08-18
D_E,2019-08-19,199.53620783243713,0.4993438433067106,25.839917380821127,10,2019-08-25
D_E,2019-08-26,153.5144627413606,0.4891972958102462,25.298618334397545,14,2019-09-01
D_E,2019-09-02,81.16185771892425,0.5197447769851443,26.13744666350238,7,2019-09-08
D_E,2019-09-09,100.5076663179706,0.533776215452772,25.70013112197901,12,2019-09-15
D_E,2019-09-16,39.27348292949933,0.5324442778637213,25.10196153922765,6,2019-09-22
D_E,2019-09-23,179.67637086908036,0.4404902635236828,23.866004560557464,11,2019-09-29
D_E,2019-09-30,185.61103797687332,0.4672854515799956,25.10991156261057,13,2019-10-06
D_E,2019-10-07,93.36871933123396,0.5308062089316623,24.665680839043574,8,2019-10-13
D_E,2019-10-14,130.5657948238909,0.5035108846079409,25.51435316957625,9,2019-10-20
D_E,2019-10-21,81.23783320482295,0.3763040159422003,24.8038804678551,5,2019-10-27
D_E,2019-10-28,0.0,0.4475103073149459,23.20360286334158,2,2019-11-03
D_E,2019-11-04,36.47897491295871,0.3152290242535426,24.174548507649337,1,2019-11-10
D_E,2019-11-11,55.58305073837155,0.4003200499025658,24.1805939914876,2,2019-11-17
D_E,2019-11-18,18.202359666894175,0.4767478420454316,24.678278265641968,1,2019-11-24
D_E,2019-11-25,22.17812403264417,0.3188269399453426,23.807739396045324,2,2019-12-01
D_E,2019-12-02,21.16492399799032,0.309753651472313,24.34002502251709,1,2019-12-08
D_E,2019-12-09,14.951661646407413,0.3761926621580039,24.14351644029196,0,2019-12-15
D_E,2019-12-16,15.682565657805132,0.2489992065053796,23.83785443280629,1,2019-12-22
D_E,2019-12-23,0.0,0.2845873023709043,24.0433154781825,0,2019-12-29
D_E,2019-12-30,0.0,0.3383306346703377,23.74645015892687,0,2020-01-05
D_E,2020-01-06,0.0,0.2714779957289094,23.35569042182212,0,2020-01-12
D_E,2020-01-13,49.0986036841583,0.288617153039148,23.365417040192305,2,2020-01-19
D_E,2020-01-20,0.0,0.3374607984401883,23.990745694418745,0,2020-01-26
D_E,2020-01-27,59.03160502752503,0.3237814799001855,23.676715922570875,3,2020-02-02
D_E,2020-02-03,73.17211867773094,0.3210502174439475,23.268415822504423,4,2020-02-09
D_E,2020-02-10,0.0,0.2981794602870229,24.261198175850915,0,2020-02-16
D_E,2020-02-17,0.0,0.3432912403754001,24.53976824043756,0,2020-02-23
D_E,2020-02-24,0.1414229457926019,0.3302272680833264,23.641100239425228,0,2020-03-01
D_E,2020-03-02,21.644660712173092,0.3725980180495173,24.105534064558174,1,2020-03-08
D_E,2020-03-09,0.0,0.3394743392093374,23.62735986917522,1,2020-03-15
D_E,2020-03-16,14.174154305154858,0.3707416992721569,23.148973270560425,2,2020-03-22
D_E,2020-03-23,124.4834810173268,0.3464495525207177,23.61599322069304,6,2020-03-29
D_E,2020-03-30,89.31188367860969,0.4103806706267335,23.811159727592383,7,2020-04-05
D_E,2020-04-06,17.77000130811799,0.3874463708726037,23.663679893460216,1,2020-04-12
D_E,2020-04-13,0.0,0.3874249964163547,23.058558783572256,6,2020-04-19
D_E,2020-04-20,62.21254487425108,0.4700598789022486,23.229046483364034,7,2020-04-26
D_E,2020-04-27,74.14099042905288,0.4802646475860325,23.35795210366054,7,2020-05-03
D_E,2020-05-04,114.96090124415872,0.5194455704994144,22.53275896463851,8,2020-05-10
D_E,2020-05-11,67.66889873098629,0.4673131902399835,23.507039618386408,7,2020-05-17
D_E,2020-05-18,123.12780458285071,0.5155082939713531,23.286805844359865,11,2020-05-24
D_E,2020-05-25,196.18111821941704,0.5263867110464943,23.48841967911071,15,2020-05-31
D_E,2020-06-01,140.77248360922331,0.5222335553656001,23.664729762394284,14,2020-06-07
D_E,2020-06-08,96.85539051451832,0.4572369476220068,23.53435304934103,9,2020-06-14
D_E,2020-06-15,88.07239348335466,0.5019280081855982,23.701871330014328,9,2020-06-21
D_E,2020-06-22,76.12733161865201,0.5061289914580243,23.476489790582345,8,2020-06-28
D_E,2020-06-29,148.57083246949216,0.479436497039167,22.67323051551368,9,2020-07-05
D_E,2020-07-06,52.71365235040019,0.3638347663773764,24.48364300012664,3,2020-07-12
D_E,2020-07-13,79.98696073762102,0.4634761317739178,24.167515080603227,7,2020-07-19
D_E,2020-07-20,73.20486159169816,0.5519164849651499,23.77332757365645,5,2020-07-26
D_E,2020-07-27,37.9332979199061,0.4080430516831162,23.70663987475891,5,2020-08-02
D_E,2020-08-03,0.0,0.3737129773059772,23.379114246422272,3,2020-08-09
D_E,2020-08-10,63.1103473076508,0.4125906722391046,23.781577525840103,6,2020-08-16
D_E,2020-08-17,35.8943383806611,0.3935079844701891,23.844641510171567,3,2020-08-23
D_E,2020-08-24,56.22950436041406,0.4220717200479918,24.12004078184908,3,2020-08-30
D_E,2020-08-31,0.0,0.2850729231996069,23.77578863871188,0,2020-09-06
D_E,2020-09-07,78.47244080454129,0.3714317643565274,23.848018132090576,3,2020-09-13
D_E,2020-09-14,0.0,0.3529890863974072,23.72157522307581,0,2020-09-20
D_E,2020-09-21,92.64249231253092,0.3069736293762453,23.82771046175139,4,2020-09-27
D_E,2020-09-28,0.0,0.323882295602111,24.12035921850674,0,2020-10-04
D_E,2020-10-05,22.866519044818293,0.3537289057138653,24.334037226136967,1,2020-10-11
D_E,2020-10-12,23.835708767778534,0.3437441182843172,25.144798715303487,1,2020-10-18
D_E,2020-10-19,0.0,0.2434697346778818,24.126123477323254,0,2020-10-25
D_E,2020-10-26,23.07978103883942,0.3447280776293517,24.498037173652516,1,2020-11-01
D_E,2020-11-02,68.6486544153693,0.3061110116030968,24.167297360211844,3,2020-11-08
D_E,2020-11-09,0.0,0.3209926524189432,24.247213933189304,0,2020-11-15
D_E,2020-11-16,38.8976010130847,0.3311805708271726,24.73257260516651,1,2020-11-22
D_E,2020-11-23,0.0,0.3320817673314389,24.540572514135132,0,2020-11-29
D_E,2020-11-30,0.0,0.4128371805895258,25.157832605395072,0,2020-12-06
D_E,2020-12-07,115.52636176651455,0.363950189050474,25.09847348177543,8,2020-12-13
D_E,2020-12-14,12.839041526652547,0.327878979973352,24.92259745554373,3,2020-12-20
D_E,2020-12-21,0.0,0.3803235072015135,24.41105559496657,1,2020-12-27
