district,week_start,true_cases,xgb_pred,lstm_pred,ensemble_pred
D_A,2018-01-01,11,10.7165785,,
D_A,2018-01-08,10,9.626817,,
D_A,2018-01-15,12,7.6932554,,
D_A,2018-01-22,8,8.530577,,
D_A,2018-01-29,7,7.372036,,
D_A,2018-02-05,10,9.818198,,
D_A,2018-02-12,9,8.66585,,
D_A,2018-02-19,3,7.933412,,
D_A,2018-02-26,15,13.869975,,
D_A,2018-03-05,12,11.898871,,
D_A,2018-03-12,9,10.157493,10.808533668518066,10.417909240722658
D_A,2018-03-19,13,12.90736,10.816488265991211,12.071011543273926
D_A,2018-03-26,10,9.834657,10.803558349609375,10.22221736907959
D_A,2018-04-02,7,7.1681275,8.599507331848145,7.740679550170899
D_A,2018-04-09,8,8.288941,8.051741600036621,8.194061470031738
D_A,2018-04-16,7,6.745443,7.740415096282959,7.1434320449829105
D_A,2018-04-23,7,7.1565123,7.811793327331543,7.418624973297119
D_A,2018-04-30,15,13.114727,9.060310363769531,11.492960548400879
D_A,2018-05-07,11,10.926148,6.914880752563477,9.321641635894775
D_A,2018-05-14,8,8.086073,4.7861738204956055,6.766113567352295
D_A,2018-05-21,4,4.684761,4.323835849761963,4.540391159057617
D_A,2018-05-28,2,2.49842,4.904232025146484,3.460744857788086
D_A,2018-06-04,8,7.372094,5.482276916503906,6.616167640686035
D_A,2018-06-11,4,6.141917,4.457119941711426,5.467998361587524
D_A,2018-06-18,2,2.2726746,3.7349138259887695,2.857570314407349
D_A,2018-06-25,0,1.1655298,3.3286218643188477,2.0307666778564455
D_A,2018-07-02,2,2.1485903,3.114877223968506,2.5351051807403566
D_A,2018-07-09,1,1.2908944,2.851713180541992,1.9152219414710998
D_A,2018-07-16,2,2.0666997,2.5866780281066895,2.2746911287307743
D_A,2018-07-23,2,3.0903344,2.431385040283203,2.8267547369003294
D_A,2018-07-30,4,2.926118,2.5447285175323486,2.77356219291687
D_A,2018-08-06,0,4.0120273,2.9441030025482178,3.5848577499389647
D_A,2018-08-13,7,6.2002707,4.035235404968262,5.334256792068482
D_A,2018-08-20,10,5.5077734,4.794947624206543,5.222643184661865
D_A,2018-08-27,10,9.401626,5.39252233505249,7.797984409332276
D_A,2018-09-03,4,4.2274137,5.537096977233887,4.751287031173707
D_A,2018-09-10,9,8.557711,5.506763935089111,7.337331962585449
D_A,2018-09-17,3,3.12065,5.904125690460205,4.2340404272079475
D_A,2018-09-24,2,2.1892667,6.911855697631836,4.07830228805542
D_A,2018-10-01,11,5.5625925,8.071955680847168,6.566337919235229
D_A,2018-10-08,6,6.3237214,9.075672149658203,7.4245019435882575
D_A,2018-10-15,4,4.4724154,9.821959495544434,6.612233066558838
D_A,2018-10-22,6,6.688889,10.177874565124512,8.084483623504639
D_A,2018-10-29,5,5.306062,10.438122749328613,7.358886480331421
D_A,2018-11-05,12,11.760433,10.61278247833252,11.301373100280763
D_A,2018-11-12,12,12.106805,10.680402755737305,11.536244487762453
D_A,2018-11-19,15,14.7120075,10.721209526062012,13.115688514709472
D_A,2018-11-26,14,13.523556,10.687087059020996,12.388968658447265
D_A,2018-12-03,12,12.028359,10.599980354309082,11.457007884979248
D_A,2018-12-10,12,9.938099,10.385658264160156,10.11712293624878
D_A,2018-12-17,9,9.016502,10.34226131439209,9.546806144714356
D_A,2018-12-24,7,7.3353696,10.241416931152344,8.497788524627687
D_A,2018-12-31,13,12.266574,9.691401481628418,11.23650541305542
D_A,2019-01-07,7,7.409872,9.24635124206543,8.14446382522583
D_A,2019-01-14,6,7.868833,8.838573455810547,8.25672950744629
D_A,2019-01-21,11,10.787836,7.981589317321777,9.665337753295898
D_A,2019-01-28,7,7.0319157,6.6659955978393555,6.885547828674317
D_A,2019-02-04,9,8.652996,5.856812477111816,7.5345227241516115
D_A,2019-02-11,6,6.2663765,5.195802688598633,5.8381470203399655
D_A,2019-02-18,3,3.6542778,4.662497043609619,4.057565689086914
D_A,2019-02-25,4,3.5519116,4.408573150634766,3.894576406478882
D_A,2019-03-04,7,6.327155,3.6153740882873535,5.242442893981933
D_A,2019-03-11,5,5.000991,3.242079973220825,4.29742660522461
D_A,2019-03-18,7,3.3654747,3.1150331497192383,3.2652982234954835
D_A,2019-03-25,4,3.697806,2.837226152420044,3.3535741806030277
D_A,2019-04-01,11,4.236754,2.7131919860839844,3.6273293018341066
D_A,2019-04-08,0,4.456911,2.6091885566711426,3.7178220748901367
D_A,2019-04-15,2,2.2755585,2.6864473819732666,2.4399140596389772
D_A,2019-04-22,2,1.8686867,2.638376235961914,2.1765625
D_A,2019-04-29,0,0.0011191508,2.8447346687316895,1.1385653579956851
D_A,2019-05-06,6,5.7976065,3.5742850303649902,4.9082780361175535
D_A,2019-05-13,5,4.938069,3.609128475189209,4.406492900848389
D_A,2019-05-20,3,3.719915,3.8101613521575928,3.7560136318206787
D_A,2019-05-27,3,3.3198876,3.9677248001098633,3.579022550582886
D_A,2019-06-03,1,2.0278904,4.14461612701416,2.87458074092865
D_A,2019-06-10,5,4.687651,4.903055667877197,4.773813104629516
D_A,2019-06-17,10,7.2509747,5.616016387939453,6.596991539001465
D_A,2019-06-24,7,8.757295,6.58284330368042,7.887514209747314
D_A,2019-07-01,7,8.039262,7.724416732788086,7.913324069976807
D_A,2019-07-08,10,10.265071,8.921879768371582,9.727794742584228
D_A,2019-07-15,11,10.5816345,9.746530532836914,10.247593116760253
D_A,2019-07-22,10,9.379054,10.254225730895996,9.72912311553955
D_A,2019-07-29,10,10.019458,10.567184448242188,10.23854866027832
D_A,2019-08-05,15,14.095547,10.71667194366455,12.743997573852539
D_A,2019-08-12,11,10.233419,10.772476196289062,10.449042320251465
D_A,2019-08-19,12,11.5896845,10.788168907165527,11.269078731536865
D_A,2019-08-26,13,11.174781,10.76695728302002,11.011651706695556
D_A,2019-09-02,8,8.1311245,10.662433624267578,9.143648433685303
D_A,2019-09-09,13,12.519408,9.745589256286621,11.409881019592286
D_A,2019-09-16,17,15.988801,8.105416297912598,12.835447311401367
D_A,2019-09-23,11,10.911641,8.356614112854004,9.889630794525146
D_A,2019-09-30,0,0.6774888,8.418440818786621,3.7738696336746216
D_A,2019-10-07,11,10.882612,8.08206844329834,9.762395095825195
D_A,2019-10-14,7,7.1552,7.543913841247559,7.310685920715333
D_A,2019-10-21,6,6.3883057,7.220766067504883,6.7212899208068855
D_A,2019-10-28,10,10.077252,6.5858154296875,8.68067808151245
D_A,2019-11-04,6,6.323905,5.313249588012695,5.919643068313599
D_A,2019-11-11,8,7.9071536,4.3249335289001465,6.474265670776367
D_A,2019-11-18,0,1.6031812,3.7620880603790283,2.4667439818382264
D_A,2019-11-25,1,2.1446006,3.3814334869384766,2.6393338441848755
D_A,2019-12-02,7,6.680218,3.0516371726989746,5.22878589630127
D_A,2019-12-09,3,3.8734982,2.7010345458984375,3.404512882232666
D_A,2019-12-16,0,0.6789438,2.641902446746826,1.4641272842884063
D_A,2019-12-23,0,0.24050502,2.483123302459717,1.1375523447990417
D_A,2019-12-30,0,0.2552437,2.2415835857391357,1.0497796565294266
D_A,2020-01-06,3,2.711202,2.034555435180664,2.4405434370040893
D_A,2020-01-13,1,1.1335199,1.9605499505996704,1.4643319249153137
D_A,2020-01-20,1,1.0839971,1.9344900846481323,1.4241943478584291
D_A,2020-01-27,3,3.0555606,1.9784499406814575,2.6247164487838743
D_A,2020-02-03,4,3.013096,2.3499832153320312,2.747851037979126
D_A,2020-02-10,2,2.4415202,2.9592361450195312,2.6486066341400147
D_A,2020-02-17,2,2.360913,3.7956080436706543,2.9347911119461063
D_A,2020-02-24,3,2.8194406,4.5181708335876465,3.4989327907562258
D_A,2020-03-02,6,5.7280765,5.184189796447754,5.510521936416627
D_A,2020-03-09,4,4.654017,6.213532447814941,5.277823352813721
D_A,2020-03-16,11,9.09379,7.521382808685303,8.464827156066894
D_A,2020-03-23,4,4.18597,8.45519733428955,5.893660831451417
D_A,2020-03-30,7,7.207876,9.352078437805176,8.065557479858398
D_A,2020-04-06,11,7.7807784,9.813328742980957,8.593798542022705
D_A,2020-04-13,8,8.32754,10.158267974853516,9.059831523895264
D_A,2020-04-20,15,6.084905,10.46980094909668,7.838863658905029
D_A,2020-04-27,13,12.824827,10.619917869567871,11.942863845825196
D_A,2020-05-04,15,14.652853,10.743170738220215,13.088980102539063
D_A,2020-05-11,9,9.072533,10.790925979614258,9.75988998413086
D_A,2020-05-18,8,8.335664,10.800002098083496,9.321399402618407
D_A,2020-05-25,11,10.860378,10.797743797302246,10.835324764251709
D_A,2020-06-01,12,11.885806,10.777785301208496,11.442598152160645
D_A,2020-06-08,15,14.019439,10.747751235961914,12.710764503479005
D_A,2020-06-15,13,12.373148,10.592555046081543,11.660911178588869
D_A,2020-06-22,9,9.133897,10.044182777404785,9.498011207580568
D_A,2020-06-29,8,8.133275,8.428187370300293,8.251240253448486
D_A,2020-07-06,10,9.860836,7.465325355529785,8.902632141113282
D_A,2020-07-13,4,4.6272717,7.531769752502441,5.789071035385132
D_A,2020-07-20,10,9.287851,7.363447189331055,8.518089866638183
D_A,2020-07-27,6,6.771275,6.210928916931152,6.547136688232422
D_A,2020-08-03,11,10.891497,5.20680570602417,8.61762056350708
D_A,2020-08-10,6,6.138343,4.870125770568848,5.631056118011474
D_A,2020-08-17,3,4.280416,4.558148384094238,4.391509056091309
D_A,2020-08-24,3,3.4534488,4.4031662940979,3.8333359241485594
D_A,2020-08-31,5,4.5638466,3.6403660774230957,4.194454383850098
D_A,2020-09-07,6,5.861429,3.3359901905059814,4.851253700256348
D_A,2020-09-14,5,4.870118,3.1000711917877197,4.162099456787109
D_A,2020-09-21,4,4.1049147,2.9481000900268555,3.642188835144043
D_A,2020-09-28,6,5.7071123,2.886403799057007,4.578829050064087
D_A,2020-10-05,9,8.297685,2.795278310775757,6.0967223167419435
D_A,2020-10-12,2,2.2460523,2.544027090072632,2.365242290496826
D_A,2020-10-19,2,2.0175784,2.6378049850463867,2.265669083595276
D_A,2020-10-26,0,0.5069449,2.8653547763824463,1.4503088533878328
D_A,2020-11-02,6,3.720762,3.609757423400879,3.6763603687286377
D_A,2020-11-09,8,7.635873,4.307129383087158,6.304375648498535
D_A,2020-11-16,2,2.6477757,4.835094928741455,3.522703456878662
D_A,2020-11-23,8,6.9729333,4.942083358764648,6.160593509674072
D_A,2020-11-30,9,7.495341,4.922905445098877,6.466366958618164
D_A,2020-12-07,6,5.6208453,5.605200290679932,5.614587450027466
D_A,2020-12-14,8,6.94672,6.307143211364746,6.690889453887939
D_A,2020-12-21,0,5.6509895,,
D_B,2018-01-01,8,7.9034047,,
D_B,2018-01-08,9,8.285364,,
D_B,2018-01-15,7,6.775272,,
D_B,2018-01-22,11,10.683198,,
D_B,2018-01-29,8,8.357451,,
D_B,2018-02-05,9,9.441134,,
D_B,2018-02-12,10,9.928858,,
D_B,2018-02-19,12,12.339685,,
D_B,2018-02-26,13,13.119708,,
D_B,2018-03-05,16,15.099082,10.814106941223145,13.385091972351074
D_B,2018-03-12,9,9.603016,10.818352699279785,10.08915090560913
D_B,2018-03-19,12,11.834028,10.804421424865723,11.422185707092286
D_B,2018-03-26,10,11.696296,10.383936882019043,11.171352672576905
D_B,2018-04-02,11,11.199788,8.49632453918457,10.118402767181397
D_B,2018-04-09,8,9.012217,8.580378532409668,8.839481449127197
D_B,2018-04-16,12,11.766288,8.451667785644531,10.44044008255005
D_B,2018-04-23,10,9.935119,7.686230182647705,9.035563564300537
D_B,2018-04-30,4,4.7702003,6.632822513580322,5.515249156951905
D_B,2018-05-07,5,5.6002555,5.2348527908325195,5.454094552993775
D_B,2018-05-14,9,9.309429,4.897858619689941,7.544801044464111
D_B,2018-05-21,5,5.0379057,4.492618560791016,4.819790887832641
D_B,2018-05-28,7,6.908413,3.869269847869873,5.692756080627442
D_B,2018-06-04,5,4.7740326,3.4296927452087402,4.236296796798706
D_B,2018-06-11,0,1.4410961,3.259258985519409,2.1683612942695616
D_B,2018-06-18,7,6.2456565,2.8852968215942383,4.901512813568115
D_B,2018-06-25,7,6.4832134,2.7852704524993896,5.004036283493042
D_B,2018-07-02,1,1.6053827,2.7722582817077637,2.0721329689025882
D_B,2018-07-09,2,2.2917368,2.5856966972351074,2.4093208789825438
D_B,2018-07-16,3,2.5221007,2.581940174102783,2.5460365533828737
D_B,2018-07-23,3,2.9296732,2.964539051055908,2.943619656562805
D_B,2018-07-30,4,4.187103,3.825066566467285,4.042288494110108
D_B,2018-08-06,8,7.030112,5.03671407699585,6.232752799987793
D_B,2018-08-13,3,3.2846744,6.217803001403809,4.45792589187622
D_B,2018-08-20,1,1.9154451,6.89625358581543,3.907768511772156
D_B,2018-08-27,0,0.49628857,7.729121208190918,3.3894216358661655
D_B,2018-09-03,3,3.1130025,8.519087791442871,5.275436663627625
D_B,2018-09-10,6,3.2848876,8.764410972595215,5.4766969919204715
D_B,2018-09-17,12,10.802722,8.862591743469238,10.026670360565186
D_B,2018-09-24,10,9.659167,9.131138801574707,9.44795627593994
D_B,2018-10-01,8,8.179172,9.149619102478027,8.567350769042969
D_B,2018-10-08,6,7.7704577,8.749317169189453,8.162001705169677
D_B,2018-10-15,11,9.628272,9.179558753967285,9.448786735534668
D_B,2018-10-22,18,16.783773,9.985751152038574,14.064565277099609
D_B,2018-10-29,10,11.648242,10.513008117675781,11.194148731231689
D_B,2018-11-05,11,10.7766485,10.694622993469238,10.743838787078857
D_B,2018-11-12,13,12.945922,10.755946159362793,12.069931793212891
D_B,2018-11-19,16,15.6253,10.779152870178223,13.68684139251709
D_B,2018-11-26,15,14.902662,10.771918296813965,13.250365257263184
D_B,2018-12-03,13,11.088904,10.657570838928223,10.916371059417724
D_B,2018-12-10,11,10.986522,10.090054512023926,10.627935028076173
D_B,2018-12-17,13,12.904556,9.754770278930664,11.644642066955566
D_B,2018-12-24,11,11.101631,9.477381706237793,10.451931476593018
D_B,2018-12-31,11,11.481885,9.151518821716309,10.549738597869872
D_B,2019-01-07,14,10.106894,8.557347297668457,9.487075424194336
D_B,2019-01-14,14,10.816323,7.34837007522583,9.429142284393311
D_B,2019-01-21,11,8.767929,6.669186592102051,7.9284320831298825
D_B,2019-01-28,10,10.288043,6.776403903961182,8.883387851715089
D_B,2019-02-04,8,10.689102,6.681766033172607,9.086168098449708
D_B,2019-02-11,7,6.867167,6.146900653839111,6.5790605545043945
D_B,2019-02-18,6,5.3900976,5.334734916687012,5.367952585220337
D_B,2019-02-25,8,7.6518793,4.592084884643555,6.427961826324463
D_B,2019-03-04,1,2.3278353,3.9672231674194336,2.9835904836654663
D_B,2019-03-11,7,5.690095,3.271937847137451,4.722832155227661
D_B,2019-03-18,2,2.4159524,3.0314531326293945,2.6621527433395387
D_B,2019-03-25,4,4.1848693,2.903460741043091,3.6723060131073
D_B,2019-04-01,6,6.0094166,2.744396209716797,4.703408670425415
D_B,2019-04-08,3,3.4993572,2.9053666591644287,3.2617610454559327
D_B,2019-04-15,3,3.1682081,3.1885018348693848,3.1763256549835206
D_B,2019-04-22,0,0.36958304,3.565645694732666,1.648008105158806
D_B,2019-04-29,5,4.6421547,4.499283790588379,4.585006380081177
D_B,2019-05-06,4,3.8393703,5.0802812576293945,4.335734748840332
D_B,2019-05-13,9,8.152752,5.0286760330200195,6.903121566772461
D_B,2019-05-20,3,3.1607528,4.891773223876953,3.8531610012054447
D_B,2019-05-27,4,3.887339,4.52852725982666,4.143814563751221
D_B,2019-06-03,5,4.889421,4.665945053100586,4.800030660629273
D_B,2019-06-10,10,5.8717017,5.297964572906494,5.642207050323487
D_B,2019-06-17,5,4.875589,6.25667667388916,5.428024196624756
D_B,2019-06-24,9,7.877635,7.242745876312256,7.623679447174073
D_B,2019-07-01,9,4.481149,8.628266334533691,6.1399962425231935
D_B,2019-07-08,8,5.331325,9.6007719039917,7.039103841781616
D_B,2019-07-15,5,5.017539,10.095345497131348,7.048661756515503
D_B,2019-07-22,15,13.907312,10.393399238586426,12.501747703552248
D_B,2019-07-29,14,13.358093,10.608464241027832,12.25824203491211
D_B,2019-08-05,8,8.015952,10.702024459838867,9.090381050109864
D_B,2019-08-12,15,14.066546,10.741064071655273,12.73635368347168
D_B,2019-08-19,12,12.462984,10.781465530395508,11.790377044677735
D_B,2019-08-26,16,15.922434,10.787205696105957,13.868343353271484
D_B,2019-09-02,11,11.135904,10.770533561706543,10.989756298065185
D_B,2019-09-09,9,11.322687,10.69766902923584,11.072680091857912
D_B,2019-09-16,13,12.55996,10.573551177978516,11.765396881103516
D_B,2019-09-23,13,12.825076,9.876977920532227,11.645837116241456
D_B,2019-09-30,8,12.142777,9.436113357543945,11.060112285614014
D_B,2019-10-07,8,8.236565,8.39136028289795,8.298482990264892
D_B,2019-10-14,15,14.108656,7.280483722686768,11.377387237548827
D_B,2019-10-21,5,10.904306,6.7270965576171875,9.233422565460206
D_B,2019-10-28,0,0.48411092,5.887495040893555,2.6454645931720733
D_B,2019-11-04,7,6.84496,4.623348236083984,5.956315803527832
D_B,2019-11-11,5,4.854983,4.010099411010742,4.517029619216919
D_B,2019-11-18,4,4.2625937,3.2979202270507812,3.8767244815826416
D_B,2019-11-25,8,7.083833,2.9581892490386963,5.433575630187988
D_B,2019-12-02,4,4.09875,2.9262895584106445,3.629766035079956
D_B,2019-12-09,2,2.3847876,2.7605857849121094,2.535106873512268
D_B,2019-12-16,0,0.3763326,2.5074572563171387,1.2287824779748917
D_B,2019-12-23,5,3.1290615,2.3412251472473145,2.8139270544052124
D_B,2019-12-30,4,2.243049,2.205094575881958,2.2278671979904177
D_B,2020-01-06,2,2.2262466,2.2801663875579834,2.2478145122528077
D_B,2020-01-13,7,6.0515666,2.4229531288146973,4.6001214504241945
D_B,2020-01-20,0,0.70459825,2.9664905071258545,1.6093551695346833
D_B,2020-01-27,0,2.9328663,3.0109808444976807,2.964112186431885
D_B,2020-02-03,1,3.3843668,3.292931079864502,3.347792530059815
D_B,2020-02-10,3,3.5433052,4.00914192199707,3.729640007019043
D_B,2020-02-17,5,4.988727,4.6249542236328125,4.843217992782593
D_B,2020-02-24,3,2.923922,5.504870414733887,3.95630145072937
D_B,2020-03-02,6,5.9416757,6.314746379852295,6.090904092788696
D_B,2020-03-09,2,2.500353,7.4651055335998535,4.486254167556763
D_B,2020-03-16,11,10.055756,7.737250328063965,9.128353595733643
D_B,2020-03-23,7,6.890492,8.512653350830078,7.539356803894043
D_B,2020-03-30,9,8.470517,9.18850040435791,8.757710838317871
D_B,2020-04-06,10,9.813509,9.761321067810059,9.792633819580079
D_B,2020-04-13,12,10.138936,10.224257469177246,10.173065090179444
D_B,2020-04-20,11,11.28681,10.565600395202637,10.998326301574707
D_B,2020-04-27,12,11.621886,10.731832504272461,11.265865135192872
D_B,2020-05-04,11,11.186616,10.792563438415527,11.02899522781372
D_B,2020-05-11,15,14.628678,10.809340476989746,13.100943565368652
D_B,2020-05-18,11,10.933187,10.812418937683105,10.884879779815673
D_B,2020-05-25,14,10.005096,10.793204307556152,10.320339679718018
D_B,2020-06-01,11,10.953981,10.677108764648438,10.84323263168335
D_B,2020-06-08,15,14.781884,9.528590202331543,12.680567169189453
D_B,2020-06-15,9,9.342323,9.045966148376465,9.223780822753906
D_B,2020-06-22,16,15.353428,9.073141098022461,12.841313552856445
D_B,2020-06-29,8,10.39038,8.511425971984863,9.63879852294922
D_B,2020-07-06,6,6.1347756,8.213847160339355,6.966404390335083
D_B,2020-07-13,7,7.2175527,7.4686455726623535,7.317989826202393
D_B,2020-07-20,7,6.9497957,6.8962788581848145,6.928389072418213
D_B,2020-07-27,10,9.615917,5.703530788421631,8.05096263885498
D_B,2020-08-03,3,3.785363,4.184552192687988,3.94503870010376
D_B,2020-08-10,5,5.015069,3.528430700302124,4.420413827896118
D_B,2020-08-17,1,2.0947158,3.2627902030944824,2.5619455814361576
D_B,2020-08-24,3,3.4424484,3.1262547969818115,3.315970945358276
D_B,2020-08-31,0,0.68847805,3.0209691524505615,1.6214745223522187
D_B,2020-09-07,0,4.4581676,2.8367953300476074,3.809618663787842
D_B,2020-09-14,6,5.5601,2.616689920425415,4.382736253738403
D_B,2020-09-21,5,5.217313,2.7300286293029785,4.2223992347717285
D_B,2020-09-28,4,4.419168,2.9395172595977783,3.8273078441619877
D_B,2020-10-05,0,5.9239554,2.823814868927002,4.683899450302124
D_B,2020-10-12,2,2.7840695,2.7608113288879395,2.774766278266907
D_B,2020-10-19,3,3.4520612,2.7889277935028076,3.1868079662323
D_B,2020-10-26,0,0.13674021,2.9078774452209473,1.2451951026916503
D_B,2020-11-02,8,7.7452207,3.253574848175049,5.948562335968018
D_B,2020-11-09,7,6.415952,3.9365785121917725,5.424202871322632
D_B,2020-11-16,3,5.8990197,4.448354721069336,5.318753910064697
D_B,2020-11-23,5,4.0109854,4.803515911102295,4.327997779846191
D_B,2020-11-30,5,4.6522374,5.416407585144043,4.957905530929565
D_B,2020-12-07,0,0.8391889,5.677224159240723,2.7744029998779296
D_B,2020-12-14,6,5.311357,,
D_B,2020-12-21,0,6.198782,,
D_C,2018-01-01,7,7.112708,,
D_C,2018-01-08,5,5.2386336,,
D_C,2018-01-15,6,6.215329,,
D_C,2018-01-22,9,8.408596,,
D_C,2018-01-29,9,8.698951,,
D_C,2018-02-05,2,3.256623,,
D_C,2018-02-12,11,10.537481,,
D_C,2018-02-19,11,10.922902,,
D_C,2018-02-26,15,14.500024,10.811564445495605,13.024640846252442
D_C,2018-03-05,11,10.901205,10.820544242858887,10.868941020965575
D_C,2018-03-12,12,12.018952,10.799979209899902,11.531363582611085
D_C,2018-03-19,14,11.392696,10.412469863891602,11.000605964660645
D_C,2018-03-26,10,10.140378,10.210062980651855,10.168252277374268
D_C,2018-04-02,14,13.872196,8.933987617492676,11.896913528442383
D_C,2018-04-09,7,7.371549,8.145028114318848,7.680941009521485
D_C,2018-04-16,8,8.115861,7.180771350860596,7.741825389862061
D_C,2018-04-23,10,9.996427,6.406615734100342,8.560502433776856
D_C,2018-04-30,5,6.5076065,4.914897441864014,5.870523118972779
D_C,2018-05-07,8,7.081049,4.150689125061035,5.9089052200317385
D_C,2018-05-14,5,4.559017,3.922304630279541,4.304332304000854
D_C,2018-05-21,5,8.241868,3.5108814239501953,6.349473381042481
D_C,2018-05-28,4,3.14835,3.267141819000244,3.1958667993545533
D_C,2018-06-04,0,0.80531585,2.876453399658203,1.6337708830833435
D_C,2018-06-11,2,3.3078856,2.609537363052368,3.028546380996704
D_C,2018-06-18,1,1.33754,2.5455660820007324,1.8207504630088807
D_C,2018-06-25,1,1.2498864,2.428650379180908,1.721392023563385
D_C,2018-07-02,3,3.011302,2.4586775302886963,2.7902523040771485
D_C,2018-07-09,0,0.6940645,2.4965996742248535,1.4150785982608796
D_C,2018-07-16,1,3.2786384,2.831613779067993,3.099828624725342
D_C,2018-07-23,0,1.1278573,3.3213376998901367,2.005249500274658
D_C,2018-07-30,5,4.0808635,3.6793558597564697,3.9202606201171877
D_C,2018-08-06,4,4.030174,4.136795997619629,4.07282280921936
D_C,2018-08-13,4,3.7655306,4.3562774658203125,4.001829338073731
D_C,2018-08-20,5,4.916091,4.697114944458008,4.828500556945801
D_C,2018-08-27,1,1.212631,4.941669464111328,2.7042464256286625
D_C,2018-09-03,7,6.614367,5.379337310791016,6.120355224609375
D_C,2018-09-10,5,4.8599315,6.0072784423828125,5.318870258331299
D_C,2018-09-17,1,1.7069398,6.590985298156738,3.660558080673218
D_C,2018-09-24,3,4.808136,7.250308990478516,5.785005331039429
D_C,2018-10-01,9,1.9615855,8.20773983001709,4.460047340393066
D_C,2018-10-08,3,3.5550282,9.088903427124023,5.768578433990479
D_C,2018-10-15,7,7.1064825,9.432863235473633,8.037035083770752
D_C,2018-10-22,8,7.6130238,9.788326263427734,8.483144855499267
D_C,2018-10-29,12,11.215865,10.056387901306152,10.75207452774048
D_C,2018-11-05,14,13.808671,10.395306587219238,12.4433256149292
D_C,2018-11-12,10,10.129284,10.635457038879395,10.331753253936768
D_C,2018-11-19,11,11.1720085,10.743326187133789,11.000536060333253
D_C,2018-11-26,15,14.793351,10.768692970275879,13.183488082885741
D_C,2018-12-03,11,10.9592285,10.777935981750488,10.886711597442627
D_C,2018-12-10,12,11.83846,10.756856918334961,11.40581922531128
D_C,2018-12-17,13,12.818415,10.654994010925293,11.953046703338623
D_C,2018-12-24,13,13.043518,9.983189582824707,11.81938714981079
D_C,2018-12-31,13,13.025747,9.219075202941895,11.503078842163086
D_C,2019-01-07,13,12.798534,8.523688316345215,11.08859634399414
D_C,2019-01-14,12,11.692994,7.531186580657959,10.028271293640136
D_C,2019-01-21,11,10.76285,5.93683385848999,8.832443809509277
D_C,2019-01-28,10,6.1349726,5.153667449951172,5.742450761795045
D_C,2019-02-04,1,1.179513,4.514411449432373,2.513472402095795
D_C,2019-02-11,3,3.259464,4.236440658569336,3.650254726409912
D_C,2019-02-18,0,0.36899626,3.5827057361602783,1.654480066895485
D_C,2019-02-25,6,5.5376935,3.0976274013519287,4.5616672992706295
D_C,2019-03-04,7,6.312905,2.8903825283050537,4.943896102905273
D_C,2019-03-11,2,2.1818964,2.6022231578826904,2.3500272035598755
D_C,2019-03-18,0,3.815199,2.388166904449463,3.2443862438201903
D_C,2019-03-25,2,2.1531148,2.317241668701172,2.2187655925750733
D_C,2019-04-01,0,2.6279843,2.312229871749878,2.5016826391220093
D_C,2019-04-08,0,0.38443124,2.509859800338745,1.2346026748418808
D_C,2019-04-15,5,3.9193556,2.835439682006836,3.485789394378662
D_C,2019-04-22,2,3.1539817,2.9825477600097656,3.085408163070679
D_C,2019-04-29,0,0.41407666,2.6930336952209473,1.325659480690956
D_C,2019-05-06,0,0.27023542,2.5461297035217285,1.1805931448936462
D_C,2019-05-13,4,1.6620432,2.6649057865142822,2.0631882548332214
D_C,2019-05-20,2,2.258071,2.8324599266052246,2.487826633453369
D_C,2019-05-27,7,6.512973,3.5201773643493652,5.315854692459107
D_C,2019-06-03,7,6.6518493,4.303768157958984,5.712616872787476
D_C,2019-06-10,3,2.8674262,5.052651405334473,3.7415163278579713
D_C,2019-06-17,3,3.9739988,6.137410640716553,4.839363670349121
D_C,2019-06-24,11,9.666316,7.489025592803955,8.795400142669678
D_C,2019-07-01,5,5.160525,8.717135429382324,6.583169317245483
D_C,2019-07-08,5,4.5963182,9.639864921569824,6.613737010955811
D_C,2019-07-15,5,4.9930425,10.095561981201172,7.03405032157898
D_C,2019-07-22,5,5.435866,10.375452995300293,7.411700868606568
D_C,2019-07-29,12,11.503681,10.560418128967285,11.126376056671143
D_C,2019-08-05,9,11.990479,10.65668773651123,11.456962871551514
D_C,2019-08-12,12,11.195408,10.736709594726562,11.011928939819336
D_C,2019-08-19,6,7.006957,10.767525672912598,8.511184787750246
D_C,2019-08-26,8,8.298486,10.762614250183105,9.284137344360353
D_C,2019-09-02,11,11.222526,10.704670906066895,11.015384101867676
D_C,2019-09-09,9,9.213089,9.71440315246582,9.413614749908447
D_C,2019-09-16,7,7.5568624,7.771594047546387,7.642755317687989
D_C,2019-09-23,10,10.065841,6.368863105773926,8.587049770355225
D_C,2019-09-30,11,10.877053,5.173432350158691,8.595605182647706
D_C,2019-10-07,10,13.249304,4.504820346832275,9.751510715484619
D_C,2019-10-14,6,12.214331,4.494961738586426,9.126583194732666
D_C,2019-10-21,10,9.823513,4.418301105499268,7.6614282608032225
D_C,2019-10-28,7,6.9141583,4.045100688934326,5.766535472869873
D_C,2019-11-04,6,5.519791,3.6189396381378174,4.7594507217407225
D_C,2019-11-11,5,4.89441,3.537461280822754,4.351630735397339
D_C,2019-11-18,0,1.9746982,3.1646158695220947,2.450665330886841
D_C,2019-11-25,8,6.9591203,3.0592498779296875,5.39917221069336
D_C,2019-12-02,2,2.2915492,2.754974842071533,2.476919484138489
D_C,2019-12-09,4,3.8258224,2.4675865173339844,3.282528209686279
D_C,2019-12-16,3,2.6058435,2.3322486877441406,2.4964057207107544
D_C,2019-12-23,1,1.3266194,2.1244008541107178,1.645732033252716
D_C,2019-12-30,0,0.5465585,2.1532089710235596,1.1892186880111695
D_C,2020-01-06,0,3.125931,2.1851069927215576,2.7496015310287474
D_C,2020-01-13,0,0.6344152,2.167881488800049,1.2478017449378966
D_C,2020-01-20,1,1.4098618,2.2693469524383545,1.7536558866500855
D_C,2020-01-27,7,6.3022513,2.7261791229248047,4.871822500228882
D_C,2020-02-03,0,0.93416774,3.0192933082580566,1.7682180047035219
D_C,2020-02-10,0,0.3627042,3.373669147491455,1.5670901775360109
D_C,2020-02-17,6,2.2392616,4.293699264526367,3.061036705970764
D_C,2020-02-24,11,10.342018,5.414069652557373,8.370839023590088
D_C,2020-03-02,4,3.8578186,6.3371806144714355,4.849563550949097
D_C,2020-03-09,5,5.113952,7.495543003082275,6.066588735580444
D_C,2020-03-16,7,6.488982,8.792267799377441,7.4102965831756595
D_C,2020-03-23,1,1.7201875,9.543839454650879,4.849648380279541
D_C,2020-03-30,2,2.9757106,9.928561210632324,5.756850981712342
D_C,2020-04-06,8,7.6200356,10.20093059539795,8.65239372253418
D_C,2020-04-13,7,6.9237437,10.33920955657959,8.289930152893067
D_C,2020-04-20,6,6.3210616,10.49196720123291,7.989423990249634
D_C,2020-04-27,10,9.845629,10.655454635620117,10.16955909729004
D_C,2020-05-04,8,13.414555,10.671052932739258,12.317153930664062
D_C,2020-05-11,16,15.542521,10.740123748779297,13.621562385559082
D_C,2020-05-18,10,10.019521,10.790288925170898,10.327828121185302
D_C,2020-05-25,15,14.769373,10.80842399597168,13.18499336242676
D_C,2020-06-01,11,10.906027,10.79582405090332,10.861945915222169
D_C,2020-06-08,9,9.178273,10.74941349029541,9.806729602813721
D_C,2020-06-15,11,10.947599,10.582942008972168,10.801736927032472
D_C,2020-06-22,9,8.947373,8.76819133758545,8.875700950622559
D_C,2020-06-29,11,10.798916,7.769166469573975,9.587016201019287
D_C,2020-07-06,12,12.202079,6.79311466217041,10.038493442535401
D_C,2020-07-13,10,9.96192,5.544258117675781,8.194855117797852
D_C,2020-07-20,5,4.3570666,4.707891464233398,4.497396755218506
D_C,2020-07-27,2,8.022359,4.355745792388916,6.555713844299317
D_C,2020-08-03,5,5.4470043,3.877978801727295,4.819394302368164
D_C,2020-08-10,8,7.687153,3.73887038230896,6.107839965820313
D_C,2020-08-17,1,1.2888458,3.073610782623291,2.002751815319061
D_C,2020-08-24,7,3.7364192,2.9119420051574707,3.406628370285034
D_C,2020-08-31,0,1.2027013,2.7110023498535156,1.8060217380523682
D_C,2020-09-07,7,6.762754,2.5974302291870117,5.096624565124512
D_C,2020-09-14,4,4.222297,2.661306858062744,3.5979011058807373
D_C,2020-09-21,3,3.0514753,2.502100944519043,2.8317256689071657
D_C,2020-09-28,1,1.3295152,2.5375733375549316,1.8127385020256044
D_C,2020-10-05,3,3.2498403,2.9011459350585938,3.1103625774383543
D_C,2020-10-12,4,3.6462865,3.7273383140563965,3.6787073612213135
D_C,2020-10-19,3,3.7554128,4.85528039932251,4.195359897613526
D_C,2020-10-26,0,1.3025069,5.478186130523682,2.97277866601944
D_C,2020-11-02,3,3.1032398,6.279452323913574,4.373724889755249
D_C,2020-11-09,5,4.3447266,6.647043228149414,5.265653371810913
D_C,2020-11-16,9,8.116118,6.475307941436768,7.459794521331787
D_C,2020-11-23,4,4.0225387,5.601794719696045,4.65424108505249
D_C,2020-11-30,6,4.0181484,5.527431011199951,4.621861553192138
D_C,2020-12-07,9,2.378892,,
D_C,2020-12-14,4,4.1427655,,
D_C,2020-12-21,0,1.2166799,,
D_D,2018-01-01,11,8.257936,,
D_D,2018-01-08,3,3.301622,,
D_D,2018-01-15,8,5.8616357,,
D_D,2018-01-22,10,9.530879,,
D_D,2018-01-29,17,16.233465,,
D_D,2018-02-05,7,7.1835117,,
D_D,2018-02-12,11,10.538647,,
D_D,2018-02-19,15,14.314981,10.814984321594238,12.914982986450195
D_D,2018-02-26,15,14.815373,10.820134162902832,13.217277717590331
D_D,2018-03-05,8,8.24339,10.811164855957031,9.270500373840331
D_D,2018-03-12,11,11.023767,10.52308177947998,10.823493385314942
D_D,2018-03-19,7,11.823455,8.369172096252441,10.441742134094238
D_D,2018-03-26,15,14.334448,7.274569511413574,11.510496711730957
D_D,2018-04-02,14,9.487443,6.32973051071167,8.224357986450196
D_D,2018-04-09,9,9.074283,5.583072185516357,7.677798461914063
D_D,2018-04-16,11,9.55504,5.125757217407227,7.78332748413086
D_D,2018-04-23,9,8.952038,4.720193862915039,7.2593005180358885
D_D,2018-04-30,8,7.834577,4.659642219543457,6.564603424072265
D_D,2018-05-07,6,6.024282,4.4070587158203125,5.377392911911011
D_D,2018-05-14,5,4.7473993,4.067136764526367,4.475294399261474
D_D,2018-05-21,5,5.384898,3.3607163429260254,4.575225687026977
D_D,2018-05-28,2,2.7196548,3.0466160774230957,2.850439333915711
D_D,2018-06-04,6,5.8146772,2.9335975646972656,4.662245512008667
D_D,2018-06-11,6,5.124899,2.755744457244873,4.177237272262573
D_D,2018-06-18,5,4.5412135,2.7087721824645996,3.8082369804382328
D_D,2018-06-25,3,3.2229378,2.619858741760254,2.981706285476685
D_D,2018-07-02,0,0.90936285,2.7923636436462402,1.6625632166862487
D_D,2018-07-09,6,4.7202744,3.0376853942871094,4.04723892211914
D_D,2018-07-16,1,1.6832926,3.626948356628418,2.460755014419556
D_D,2018-07-23,2,2.061305,4.327517509460449,2.967790031433106
D_D,2018-07-30,3,2.4768403,4.418310165405273,3.253428316116333
D_D,2018-08-06,3,2.6144826,4.600248336791992,3.408789038658142
D_D,2018-08-13,4,2.4365497,4.542708396911621,3.279013156890869
D_D,2018-08-20,5,4.1391697,4.633458137512207,4.336885166168213
D_D,2018-08-27,2,2.0746198,5.281332969665527,3.357305145263672
D_D,2018-09-03,9,7.8406687,5.936408519744873,7.078964900970459
D_D,2018-09-10,4,3.8035095,6.886260032653809,5.03660969734192
D_D,2018-09-17,7,6.896151,7.782217025756836,7.250577831268311
D_D,2018-09-24,3,3.4150229,8.772977828979492,5.558204984664917
D_D,2018-10-01,7,6.335714,9.517256736755371,7.60833125114441
D_D,2018-10-08,12,10.970542,9.968929290771484,10.569897174835205
D_D,2018-10-15,16,15.437923,10.252623558044434,13.36380386352539
D_D,2018-10-22,6,6.123898,10.474055290222168,7.863961172103882
D_D,2018-10-29,9,8.800882,10.648443222045898,9.539906787872315
D_D,2018-11-05,11,9.013168,10.719916343688965,9.695867824554444
D_D,2018-11-12,9,11.030458,10.712332725524902,10.903208255767822
D_D,2018-11-19,16,7.439724,10.620072364807129,8.711863708496093
D_D,2018-11-26,9,9.490904,10.34321117401123,9.831826877593993
D_D,2018-12-03,8,8.2401,9.536049842834473,8.758480262756347
D_D,2018-12-10,11,11.1484995,8.278745651245117,10.000598049163818
D_D,2018-12-17,10,9.966832,6.717432498931885,8.667072677612305
D_D,2018-12-24,10,12.930765,5.6881103515625,10.033703708648682
D_D,2018-12-31,13,12.825009,5.269256591796875,9.802708530426026
D_D,2019-01-07,8,11.836041,5.301188945770264,9.22210054397583
D_D,2019-01-14,9,8.838236,5.066969871520996,7.329729747772217
D_D,2019-01-21,1,1.817859,4.272408485412598,2.799678921699524
D_D,2019-01-28,4,4.3937435,3.7975175380706787,4.155253219604492
D_D,2019-02-04,4,3.8580232,3.399893283843994,3.6747714042663575
D_D,2019-02-11,7,6.7923403,3.5238373279571533,5.484939098358154
D_D,2019-02-18,9,4.4152393,3.4598581790924072,4.033086967468262
D_D,2019-02-25,2,3.0938845,3.5193159580230713,3.2640571355819703
D_D,2019-03-04,6,5.733178,3.2297043800354004,4.73178882598877
D_D,2019-03-11,2,2.0203295,2.9543051719665527,2.3939198493957523
D_D,2019-03-18,3,3.088635,3.102639675140381,3.0942368745803837
D_D,2019-03-25,3,1.5273376,3.1152639389038086,2.1625081539154056
D_D,2019-04-01,1,1.9735469,3.090794801712036,2.4204460859298704
D_D,2019-04-08,4,3.9231834,2.79707670211792,3.472740888595581
D_D,2019-04-15,0,1.4823294,2.926457166671753,2.059980547428131
D_D,2019-04-22,1,1.237414,3.1979904174804688,2.0216446161270145
D_D,2019-04-29,4,2.846433,3.5465798377990723,3.1264918088912967
D_D,2019-05-06,1,1.3942876,4.54086971282959,2.6529204726219175
D_D,2019-05-13,3,3.058097,5.110615253448486,3.8791042804718017
D_D,2019-05-20,0,1.0639433,5.547128200531006,2.857217264175415
D_D,2019-05-27,7,6.182057,5.776137351989746,6.0196891784667965
D_D,2019-06-03,9,7.538691,5.806183338165283,6.845688152313233
D_D,2019-06-10,12,3.109249,6.678941249847412,4.537126064300537
D_D,2019-06-17,9,8.950079,7.522124290466309,8.378897285461425
D_D,2019-06-24,2,2.3289077,8.720030784606934,4.885357022285461
D_D,2019-07-01,9,8.741684,9.542704582214355,9.062092208862305
D_D,2019-07-08,5,5.0081196,9.949252128601074,6.984572696685792
D_D,2019-07-15,14,12.482116,10.333748817443848,11.622769260406494
D_D,2019-07-22,6,6.189326,10.561530113220215,7.938207674026489
D_D,2019-07-29,7,7.4942946,10.669697761535645,8.764455890655519
D_D,2019-08-05,4,4.4541974,10.705735206604004,6.9548125743865965
D_D,2019-08-12,7,10.264726,10.664989471435547,10.424831676483155
D_D,2019-08-19,6,6.1454506,10.46862506866455,7.874720430374146
D_D,2019-08-26,9,8.797114,10.212276458740234,9.363179397583007
D_D,2019-09-02,14,12.810085,10.490006446838379,11.882053947448732
D_D,2019-09-09,12,12.381302,10.13754940032959,11.48380126953125
D_D,2019-09-16,11,10.20124,6.401505470275879,8.681346416473389
D_D,2019-09-23,12,11.93448,6.426789283752441,9.731403636932374
D_D,2019-09-30,11,10.812974,6.241579532623291,8.984416675567626
D_D,2019-10-07,6,6.1635184,6.115177154541016,6.14418215751648
D_D,2019-10-14,2,2.264759,4.891942024230957,3.3156322956085207
D_D,2019-10-21,4,4.098267,3.723924160003662,3.9485299587249756
D_D,2019-10-28,11,10.285604,3.174304485321045,7.441084194183349
D_D,2019-11-04,4,4.3534174,2.9303557872772217,3.7841928482055662
D_D,2019-11-11,4,4.2657304,3.0095772743225098,3.763269138336182
D_D,2019-11-18,6,5.462291,2.766848087310791,4.384113740921021
D_D,2019-11-25,4,3.9693382,2.493504285812378,3.379004716873169
D_D,2019-12-02,3,2.882389,2.3777480125427246,2.6805327415466307
D_D,2019-12-09,4,3.033286,2.3225231170654297,2.748980927467346
D_D,2019-12-16,3,2.8798044,2.439340829849243,2.7036190748214723
D_D,2019-12-23,6,5.384045,2.4080018997192383,4.193628025054932
D_D,2019-12-30,0,0.689253,2.292945384979248,1.3307299613952637
D_D,2020-01-06,2,1.9622965,2.2819981575012207,2.0901772022247314
D_D,2020-01-13,0,0.22181511,2.5343430042266846,1.1468262672424316
D_D,2020-01-20,0,0.36014587,2.983351707458496,1.4094282180070878
D_D,2020-01-27,1,3.0738032,3.4914965629577637,3.2408806562423704
D_D,2020-02-03,3,2.9049025,4.170661926269531,3.4112062692642215
D_D,2020-02-10,7,4.287876,4.918072700500488,4.5399548530578615
D_D,2020-02-17,8,7.1856914,5.5450825691223145,6.529448223114014
D_D,2020-02-24,6,5.9279265,6.464757919311523,6.1426591873168945
D_D,2020-03-02,6,2.3715966,7.673146724700928,4.49221670627594
D_D,2020-03-09,4,4.8587303,8.633198738098145,6.368517875671387
D_D,2020-03-16,0,5.692662,9.260701179504395,7.119877672195434
D_D,2020-03-23,9,8.220076,9.601604461669922,8.772687244415284
D_D,2020-03-30,13,11.767088,9.827473640441895,10.991242599487304
D_D,2020-04-06,10,9.664995,10.133500099182129,9.852397441864014
D_D,2020-04-13,9,6.2657332,10.480219841003418,7.951528120040893
D_D,2020-04-20,11,10.886465,10.68106746673584,10.804306411743164
D_D,2020-04-27,10,10.039301,10.77236270904541,10.332526111602784
D_D,2020-05-04,10,10.548322,10.804048538208008,10.650612735748291
D_D,2020-05-11,13,13.001992,10.806790351867676,12.12391176223755
D_D,2020-05-18,8,8.415207,10.795016288757324,9.367130756378174
D_D,2020-05-25,11,10.794097,10.745394706726074,10.77461643218994
D_D,2020-06-01,10,10.01689,10.108922004699707,10.053703022003173
D_D,2020-06-08,8,12.305361,6.958991050720215,10.166813278198243
D_D,2020-06-15,9,9.023355,6.874204158782959,8.16369457244873
D_D,2020-06-22,7,7.420076,6.943358421325684,7.229389286041259
D_D,2020-06-29,7,7.325359,6.576603889465332,7.025857067108154
D_D,2020-07-06,4,4.6745157,5.497317314147949,5.003636360168457
D_D,2020-07-13,11,11.0078945,4.570184707641602,8.4328106880188
D_D,2020-07-20,8,8.143093,3.8586134910583496,6.42930154800415
D_D,2020-07-27,8,8.038072,3.6672773361206055,6.289754009246826
D_D,2020-08-03,7,7.1366763,3.3979592323303223,5.641189479827881
D_D,2020-08-10,6,5.9664025,2.988959312438965,4.7754253387451175
D_D,2020-08-17,0,1.2359785,2.9293723106384277,1.9133360266685486
D_D,2020-08-24,4,3.8861027,2.8780524730682373,3.4828826904296877
D_D,2020-08-31,7,7.8034263,2.6718716621398926,5.750804615020752
D_D,2020-09-07,0,3.360142,2.5338501930236816,3.0296254634857176
D_D,2020-09-14,4,3.5037606,2.520939350128174,3.1106322765350343
D_D,2020-09-21,5,4.8728786,2.360229015350342,3.8678188800811766
D_D,2020-09-28,3,4.8411665,2.5883796215057373,3.9400518894195558
D_D,2020-10-05,8,7.3756723,2.8590610027313232,5.569027996063232
D_D,2020-10-12,0,0.6133864,3.3430123329162598,1.705236792564392
D_D,2020-10-19,0,0.36564478,3.8788089752197266,1.7709104657173158
D_D,2020-10-26,0,0.2809804,4.242644309997559,1.8656459748744965
D_D,2020-11-02,1,5.2416444,4.724000453948975,5.034587049484253
D_D,2020-11-09,6,6.100839,4.340433120727539,5.396676874160766
D_D,2020-11-16,0,1.586538,4.567948341369629,2.779102170467377
D_D,2020-11-23,6,5.7289248,4.466294765472412,5.223872947692871
D_D,2020-11-30,3,4.7256856,,
D_D,2020-12-07,3,2.733367,,
D_D,2020-12-14,2,2.0260074,,
D_D,2020-12-21,0,0.44712824,,
D_E,2018-01-01,4,7.2365723,,
D_E,2018-01-08,10,10.051459,,
D_E,2018-01-15,10,5.2448707,,
D_E,2018-01-22,2,2.1112497,,
D_E,2018-01-29,4,4.016697,,
D_E,2018-02-05,7,5.1047173,,
D_E,2018-02-12,6,6.250057,10.796350479125977,8.068574762344362
D_E,2018-02-19,10,9.921966,10.808941841125488,10.276756095886231
D_E,2018-02-26,9,9.086487,10.770916938781738,9.76025915145874
D_E,2018-03-05,14,6.281579,9.373992919921875,7.518544769287109
D_E,2018-03-12,9,9.076722,5.975351333618164,7.836174011230469
D_E,2018-03-19,6,6.1251106,4.9816060066223145,5.667708873748779
D_E,2018-03-26,10,9.951746,4.876421928405762,7.921616649627685
D_E,2018-04-02,11,10.680228,5.121789932250977,8.456853294372559
D_E,2018-04-09,2,2.7730322,4.732560157775879,3.5568434953689576
D_E,2018-04-16,5,5.153159,4.190942764282227,4.7682726860046385
D_E,2018-04-23,5,5.0100923,3.8335530757904053,4.539476823806763
D_E,2018-04-30,10,9.749704,3.5065059661865234,7.2524253845214846
D_E,2018-05-07,4,4.2749825,3.3730297088623047,3.9142014503479006
D_E,2018-05-14,0,0.92452496,2.857301950454712,1.6976357579231263
D_E,2018-05-21,0,5.0588217,2.543233871459961,4.052586650848388
D_E,2018-05-28,2,2.1420615,2.336855411529541,2.2199791193008425
D_E,2018-06-04,0,0.4459428,2.141115188598633,1.1240117728710175
D_E,2018-06-11,5,4.837638,1.9935585260391235,3.700006294250488
D_E,2018-06-18,0,4.8485975,2.2298831939697266,3.8011119842529295
D_E,2018-06-25,1,0.8481901,2.199834108352661,1.3888477563858033
D_E,2018-07-02,3,2.5799973,2.17572021484375,2.4182865142822267
D_E,2018-07-09,5,4.9224234,2.290493965148926,3.8696516036987303
D_E,2018-07-16,0,3.1495903,2.597985029220581,2.9289481878280643
D_E,2018-07-23,1,1.0819987,2.643333911895752,1.7065328121185304
D_E,2018-07-30,1,0.9952409,2.544483184814453,1.6149378776550294
D_E,2018-08-06,0,0.011652758,2.5767650604248047,1.037697679270059
D_E,2018-08-13,0,1.4423591,2.4738969802856445,1.8549743056297303
D_E,2018-08-20,1,2.6477532,2.467465877532959,2.5756383657455446
D_E,2018-08-27,0,0.3392719,2.8518006801605225,1.344283425807953
D_E,2018-09-03,4,3.5481527,3.4378671646118164,3.5040385723114014
D_E,2018-09-10,8,7.1857944,4.574023246765137,6.141086006164551
D_E,2018-09-17,2,2.3379326,6.063385963439941,3.82811393737793
D_E,2018-09-24,8,7.662062,7.595667839050293,7.635504722595215
D_E,2018-10-01,5,4.93523,9.402139663696289,6.72199387550354
D_E,2018-10-08,4,3.866945,10.244488716125488,6.417962551116943
D_E,2018-10-15,8,7.5471873,10.535536766052246,8.742527389526368
D_E,2018-10-22,6,6.1051717,10.63176441192627,7.915808868408203
D_E,2018-10-29,6,6.3271856,10.566305160522461,8.022833681106569
D_E,2018-11-05,9,7.291378,9.247450828552246,8.07380723953247
D_E,2018-11-12,8,7.98524,6.799534797668457,7.510958290100097
D_E,2018-11-19,9,5.860515,5.704814910888672,5.798235225677491
D_E,2018-11-26,3,3.34547,4.921228408813477,3.9757733821868895
D_E,2018-12-03,8,8.135096,4.141517162322998,6.537664604187012
D_E,2018-12-10,5,8.051492,3.840773105621338,6.367204666137695
D_E,2018-12-17,6,5.830444,3.7649619579315186,5.00425124168396
D_E,2018-12-24,7,7.0187845,3.919602394104004,5.779111766815186
D_E,2018-12-31,7,6.857018,4.43039608001709,5.886369514465332
D_E,2019-01-07,0,0.30502582,5.082784652709961,2.216129356622696
D_E,2019-01-14,8,5.605672,4.855696678161621,5.305681991577148
D_E,2019-01-21,6,5.984163,4.502060890197754,5.391322088241577
D_E,2019-01-28,8,7.94502,3.768551826477051,6.274432849884033
D_E,2019-02-04,7,6.95741,3.342324733734131,5.511375999450683
D_E,2019-02-11,4,3.86023,2.9822287559509277,3.509029531478882
D_E,2019-02-18,2,1.9490236,2.8305420875549316,2.3016309976577762
D_E,2019-02-25,6,1.9588128,2.4490914344787598,2.1549242973327636
D_E,2019-03-04,3,3.0554214,2.52012300491333,2.8413021087646486
D_E,2019-03-11,0,0.42362553,2.398862361907959,1.2137202799320221
D_E,2019-03-18,7,1.6769387,2.2115790843963623,1.8907948732376099
D_E,2019-03-25,2,2.2596571,2.2487902641296387,2.2553104162216187
D_E,2019-04-01,1,0.57712287,2.405801773071289,1.3085944294929504
D_E,2019-04-08,0,0.3539769,2.5497775077819824,1.2322971493005752
D_E,2019-04-15,0,0.20909148,2.3703887462615967,1.0736104011535645
D_E,2019-04-22,0,0.06800255,2.4139561653137207,1.0063839986920358
D_E,2019-04-29,0,0.70417297,2.308516263961792,1.3459103047847747
D_E,2019-05-06,0,0.24214387,2.430319309234619,1.1174140453338623
D_E,2019-05-13,1,0.93578047,2.576853036880493,1.59220951795578
D_E,2019-05-20,5,1.2171689,2.603126049041748,1.7715517997741699
D_E,2019-05-27,2,2.1443934,3.027527332305908,2.4976470470428467
D_E,2019-06-03,0,0.45645863,3.933990716934204,1.8474714636802674
D_E,2019-06-10,1,1.1220348,4.95622444152832,2.6557106494903566
D_E,2019-06-17,4,3.557557,6.142127990722656,4.591385555267334
D_E,2019-06-24,3,3.7295218,7.257471561431885,5.140701723098755
D_E,2019-07-01,3,3.185729,8.723370552062988,5.400785732269288
D_E,2019-07-08,4,3.856168,9.695878982543945,6.192052507400513
D_E,2019-07-15,6,4.8641896,10.14184284210205,6.975250911712647
D_E,2019-07-22,8,7.5450473,10.410029411315918,8.691040325164796
D_E,2019-07-29,7,6.7540135,10.597957611083984,8.291591262817384
D_E,2019-08-05,1,1.5395237,10.690947532653809,5.200093293190003
D_E,2019-08-12,10,9.825825,10.687396049499512,10.170453357696534
D_E,2019-08-19,14,13.6268425,10.705121040344238,12.458153915405273
D_E,2019-08-26,7,7.245574,10.702946662902832,8.628523063659667
D_E,2019-09-02,12,11.557958,10.527137756347656,11.145629978179933
D_E,2019-09-09,6,6.4976964,9.224029541015625,7.58822979927063
D_E,2019-09-16,11,11.039615,6.323794364929199,9.153287029266357
D_E,2019-09-23,13,12.731557,5.277230262756348,9.74982671737671
D_E,2019-09-30,8,8.08977,4.921087265014648,6.822297191619873
D_E,2019-10-07,9,9.119189,4.331165790557861,7.2039800643920895
D_E,2019-10-14,5,5.040136,3.4725801944732666,4.413113784790039
D_E,2019-10-21,2,2.2545648,2.9825992584228516,2.5457785606384276
D_E,2019-10-28,1,1.7816801,2.6674861907958984,2.1360025882720945
D_E,2019-11-04,2,2.1480148,2.4081966876983643,2.252087616920471
D_E,2019-11-11,1,0.870842,2.188920497894287,1.398073422908783
D_E,2019-11-18,2,2.0987203,1.9269691705703735,2.0300199508666994
D_E,2019-11-25,1,1.1612092,1.6107550859451294,1.3410275816917419
D_E,2019-12-02,0,0.16127665,1.0991164445877075,0.5364125728607179
D_E,2019-12-09,1,2.6352153,1.0917967557907104,2.0178478956222534
D_E,2019-12-16,0,0.014379687,1.4079253673553467,0.5717979593202472
D_E,2019-12-23,0,-0.059439678,1.7619740962982178,0.6691258288919926
D_E,2019-12-30,0,0.41383934,1.9753371477127075,1.038438466191292
D_E,2020-01-06,2,3.7338955,2.280552387237549,3.1525583267211914
D_E,2020-01-13,0,0.6020201,2.7678592205047607,1.4683557629585267
D_E,2020-01-20,3,3.00578,3.0996310710906982,3.0433205366134644
D_E,2020-01-27,4,1.671639,3.5426626205444336,2.420048499107361
D_E,2020-02-03,0,0.3743616,4.067105293273926,1.8514590919017793
D_E,2020-02-10,0,0.9241795,4.564255714416504,2.380210018157959
D_E,2020-02-17,0,0.5559029,5.0967793464660645,2.372253489494324
D_E,2020-02-24,1,2.113427,5.276226997375488,3.378546953201294
D_E,2020-03-02,1,1.5060652,5.665821075439453,3.1699676275253297
D_E,2020-03-09,2,3.4277265,5.9783711433410645,4.4479845523834225
D_E,2020-03-16,6,5.2822533,6.460277557373047,5.753463077545167
D_E,2020-03-23,7,5.8211913,7.4399733543396,6.4687042236328125
D_E,2020-03-30,1,2.058207,8.639538764953613,4.6907398223876955
D_E,2020-04-06,6,3.6474812,9.594611167907715,6.02633318901062
D_E,2020-04-13,7,6.9910445,10.185822486877441,8.268955802917482
D_E,2020-04-20,7,6.8700933,10.550650596618652,8.342316246032716
D_E,2020-04-27,8,10.228687,10.723921775817871,10.426781463623048
D_E,2020-05-04,7,9.40382,10.780991554260254,9.954688644409181
D_E,2020-05-11,11,10.69804,10.792763710021973,10.735929679870605
D_E,2020-05-18,15,14.046695,10.75840950012207,12.7313814163208
D_E,2020-05-25,14,13.459766,10.64026927947998,12.331967735290528
D_E,2020-06-01,9,9.236344,10.398528099060059,9.701217937469483
D_E,2020-06-08,9,9.008586,8.832793235778809,8.938269138336182
D_E,2020-06-15,8,8.1870575,5.91982889175415,7.280166339874268
D_E,2020-06-22,9,9.081288,4.442209720611572,7.225657272338867
D_E,2020-06-29,3,4.532282,4.195077419281006,4.397400140762329
D_E,2020-07-06,7,6.780733,3.7754881381988525,5.578635215759277
D_E,2020-07-13,5,5.2139177,3.5177319049835205,4.535443496704102
D_E,2020-07-20,5,5.0961556,3.3380112648010254,4.392897987365723
D_E,2020-07-27,3,3.622674,3.0872902870178223,3.408520603179932
D_E,2020-08-03,6,6.132541,2.9369993209838867,4.854324626922607
D_E,2020-08-10,3,4.4083447,2.7168421745300293,3.7317437648773195
D_E,2020-08-17,3,3.2531762,2.560743808746338,2.976203370094299
D_E,2020-08-24,0,1.4458296,2.4341063499450684,1.8411403417587282
D_E,2020-08-31,3,3.251834,2.3210601806640625,2.8795245409011843
D_E,2020-09-07,0,0.5847533,2.2951340675354004,1.2689056098461151
D_E,2020-09-14,4,3.969877,2.153320789337158,3.243254613876343
D_E,2020-09-21,0,4.7342153,2.3803458213806152,3.792667531967163
D_E,2020-09-28,1,1.0973184,2.3642101287841797,1.6040751099586488
D_E,2020-10-05,1,1.2030238,2.1890554428100586,1.5974364519119262
D_E,2020-10-12,0,0.5008031,2.101555109024048,1.1411039292812348
D_E,2020-10-19,1,1.2727411,2.0365195274353027,1.5782525062561037
D_E,2020-10-26,3,2.3294885,2.0134949684143066,2.2030911445617676
D_E,2020-11-02,0,2.2693634,1.9696232080459595,2.1494673252105714
D_E,2020-11-09,1,1.1484091,1.9960719347000122,1.487474262714386
D_E,2020-11-16,0,1.3488964,2.3040876388549805,1.730972909927368
